
  ___  ____  ____  ____  ____ ®
 /__    /   ____/   /   ____/      18.0
___/   /   /___/   /   /___/       MP—Parallel Edition

 Statistics and Data Science       Copyright 1985-2023 StataCorp LLC
                                   StataCorp
                                   4905 Lakeway Drive
                                   College Station, Texas 77845 USA
                                   800-STATA-PC        https://www.stata.com
                                   979-696-4600        stata@stata.com

Stata license: 114514-student 64-core lab perpetual
Serial number: 9223372036854775807
  Licensed to: 公众号【办公软件行家】
               1138

Notes:
      1. Stata is running in batch mode.
      2. Unicode is supported; see help unicode_advice.
      3. More than 2 billion observations are allowed; see help obs_advice.
      4. Maximum number of variables is set to 5,000 but can be increased;
          see help set_maxvar.


Running D:\statamp18\profile.do ...

. do D:/论文文件夹/自然灾害与婚姻/提交_复现包/code/run_all.do 

. *==============================================================
. * run_all.do  —— 一键复现
. *
. * 用法（Windows 命令行）：
. *   cd  <复现包路径>\logs
. *   "<Stata路径>\StataMP-64.exe" -e do "..\code\run_all.do"
. *
. * 依赖：reghdfe  psmatch2  xtivreg2  ivreg2
. * 输出：logs/ 下的 *_results.log
. *       其中每一行 RESULT| 对应论文表格中的一格，标签即表号与列号
. *==============================================================
. version 18

. clear all

. set more off

. 
. global codedir "D:/论文文件夹/自然灾害与婚姻/提交_复现包/code"

. 
. do "${codedir}/01_main.do"

. *==============================================================
. * 01_main.do  —— 正文 Table 1-4 + 附录 Table S6 / S7 / S9 / S13
. * 规格见 原始代码/原作者主脚本_无标题-副本.do
. *==============================================================
. do "D:/论文文件夹/自然灾害与婚姻/提交_复现包/code/00_config.do"

. *==============================================================
. * 00_config.do  —— 路径与全局设定
. * 自然灾害、传统文化与婚姻稳定性（One Earth / Science Advances 投稿版）
. *==============================================================
. version 18

. clear all

. set more off

. set varabbrev off

. set linesize 255

. 
. * 复现包根目录
. global pkg  "D:/论文文件夹/自然灾害与婚姻/提交_复现包"

. global code "${pkg}/code"

. global data "${pkg}/data"

. global logs "${pkg}/logs"

. global out  "${pkg}/output"

. 
. * 数据来源。默认使用复现包内自带的数据（自包含）。
. * 如需指向原始位置，把 src 改为 "D:/论文文件夹/自然灾害与婚姻2/stata"
. global src   "${pkg}/data"

. global f_base   "${src}/基准回归/最终1.dta"

. global f_drama  "${src}/文化/电视剧.dta"

. global f_mech   "${src}/机制/汇总机制2_merged.dta"

. global d_cfps   "${src}/CFPS"

. global d_charls "${src}/CHARLS"

. 
. * 控制变量（与投稿版一致）
. global cv        "industry_ratio log_retail log_beds pm25"

. global cv_charls "lnis lntfly fbr lnfbr lnrst"

. 
. * 结果打印程序：每行对应表格中的一格
. capture program drop post_est

. program define post_est
  1.     syntax, Label(string) Coef(name)
  2.     scalar b_  = _b[`coef']
  3.     scalar se_ = _se[`coef']
  4.     if e(df_r) < . {
  5.         scalar p_ = 2 * ttail(e(df_r), abs(b_ / se_))
  6.     }
  7.     else {
  8.         scalar p_ = 2 * (1 - normal(abs(b_ / se_)))
  9.     }
 10.     display as result "RESULT|`label'|b=" %12.6f b_ ///
>         "|se=" %12.6f se_ "|p=" %10.6f p_ ///
>         "|N=" %12.0f e(N) "|r2=" %10.6f e(r2)
 11. end

. 
end of do-file

. 
. capture log close _all

. log using "${logs}/01_main_results.log", replace text
(file D:/论文文件夹/自然灾害与婚姻/提交_复现包/logs/01_main_results.log not found)
---------------------------------------------------------------------------------------------------------------------------------------------------------------------------------------------------------------------------------------------------------------
      name:  <unnamed>
       log:  D:/论文文件夹/自然灾害与婚姻/提交_复现包/logs/01_main_results.log
  log type:  text
 opened on:  29 Aug 2026, 12:48:40

. 
. *--------------------------------------------------------------
. * Table 1  基准回归（Table 1）
. *--------------------------------------------------------------
. use "${f_base}", clear

. capture drop tp_check

. generate double tp_check = treat_50km * post_50km

. count if tp_check != treat_post
  0

. display as result "CHECK|treat_post_mismatch=" r(N)
CHECK|treat_post_mismatch=0

. drop tp_check

. count if academy != academy_50km
  0

. display as result "CHECK|academy_vs_academy50km_mismatch=" r(N)
CHECK|academy_vs_academy50km_mismatch=0

. 
. reghdfe divorce_rate  treat_post,      absorb(year county_code) cluster(county_code)
(MWFE estimator converged in 8 iterations)

HDFE Linear regression                            Number of obs   =     12,231
Absorbing 2 HDFE groups                           F(   1,   2036) =      12.12
Statistics robust to heteroskedasticity           Prob > F        =     0.0005
                                                  R-squared       =     0.5385
                                                  Adj R-squared   =     0.4453
                                                  Within R-sq.    =     0.0011
Number of clusters (county_code) =      2,037     Root MSE        =     1.4331

                        (Std. err. adjusted for 2,037 clusters in county_code)
------------------------------------------------------------------------------
             |               Robust
divorce_rate | Coefficient  std. err.      t    P>|t|     [95% conf. interval]
-------------+----------------------------------------------------------------
  treat_post |   .2898231   .0832557     3.48   0.001     .1265479    .4530983
       _cons |   2.110406   .0212104    99.50   0.000      2.06881    2.152003
------------------------------------------------------------------------------

Absorbed degrees of freedom:
-----------------------------------------------------+
 Absorbed FE | Categories  - Redundant  = Num. Coefs |
-------------+---------------------------------------|
        year |        19           1          18     |
 county_code |      2037        2037           0    *|
-----------------------------------------------------+
* = FE nested within cluster; treated as redundant for DoF computation

. post_est, label("T1c1_divorce_nocontrols") coef(treat_post)
RESULT|T1c1_divorce_nocontrols|b=    0.289823|se=    0.083256|p=  0.000510|N=       12231|r2=  0.538520

. reghdfe divorce_rate  treat_post $cv,  absorb(year county_code) cluster(county_code)
(MWFE estimator converged in 9 iterations)

HDFE Linear regression                            Number of obs   =     12,231
Absorbing 2 HDFE groups                           F(   5,   2036) =       6.42
Statistics robust to heteroskedasticity           Prob > F        =     0.0000
                                                  R-squared       =     0.5397
                                                  Adj R-squared   =     0.4465
                                                  Within R-sq.    =     0.0037
Number of clusters (county_code) =      2,037     Root MSE        =     1.4316

                          (Std. err. adjusted for 2,037 clusters in county_code)
--------------------------------------------------------------------------------
               |               Robust
  divorce_rate | Coefficient  std. err.      t    P>|t|     [95% conf. interval]
---------------+----------------------------------------------------------------
    treat_post |   .2965628   .0834949     3.55   0.000     .1328185    .4603072
industry_ratio |  -.0761697   .0269263    -2.83   0.005    -.1289755   -.0233638
    log_retail |  -.1952114   .0638632    -3.06   0.002    -.3204554   -.0699674
      log_beds |  -.1155523   .0853019    -1.35   0.176    -.2828403    .0517357
          pm25 |   .0063135   .0041595     1.52   0.129    -.0018438    .0144708
         _cons |   5.007607   .9508809     5.27   0.000     3.142806    6.872407
--------------------------------------------------------------------------------

Absorbed degrees of freedom:
-----------------------------------------------------+
 Absorbed FE | Categories  - Redundant  = Num. Coefs |
-------------+---------------------------------------|
        year |        19           1          18     |
 county_code |      2037        2037           0    *|
-----------------------------------------------------+
* = FE nested within cluster; treated as redundant for DoF computation

. post_est, label("T1c2_divorce_controls")   coef(treat_post)
RESULT|T1c2_divorce_controls|b=    0.296563|se=    0.083495|p=  0.000391|N=       12231|r2=  0.539701

. reghdfe marriage_rate treat_post,      absorb(year county_code) cluster(county_code)
(dropped 192 singleton observations)
(MWFE estimator converged in 10 iterations)

HDFE Linear regression                            Number of obs   =      5,392
Absorbing 2 HDFE groups                           F(   1,   1719) =       3.07
Statistics robust to heteroskedasticity           Prob > F        =     0.0801
                                                  R-squared       =     0.5798
                                                  Adj R-squared   =     0.3798
                                                  Within R-sq.    =     0.0009
Number of clusters (county_code) =      1,720     Root MSE        =     6.4422

                        (Std. err. adjusted for 1,720 clusters in county_code)
------------------------------------------------------------------------------
             |               Robust
marriage_r~e | Coefficient  std. err.      t    P>|t|     [95% conf. interval]
-------------+----------------------------------------------------------------
  treat_post |   1.947835   1.112227     1.75   0.080    -.2336258    4.129296
       _cons |    11.5919   .3170425    36.56   0.000     10.97007    12.21373
------------------------------------------------------------------------------

Absorbed degrees of freedom:
-----------------------------------------------------+
 Absorbed FE | Categories  - Redundant  = Num. Coefs |
-------------+---------------------------------------|
        year |        19           1          18     |
 county_code |      1720        1720           0    *|
-----------------------------------------------------+
* = FE nested within cluster; treated as redundant for DoF computation

. post_est, label("T1c3_marriage_nocontrols") coef(treat_post)
RESULT|T1c3_marriage_nocontrols|b=    1.947835|se=    1.112227|p=  0.080074|N=        5392|r2=  0.579756

. reghdfe marriage_rate treat_post $cv,  absorb(year county_code) cluster(county_code)
(dropped 192 singleton observations)
(MWFE estimator converged in 10 iterations)

HDFE Linear regression                            Number of obs   =      5,392
Absorbing 2 HDFE groups                           F(   5,   1719) =       1.56
Statistics robust to heteroskedasticity           Prob > F        =     0.1671
                                                  R-squared       =     0.5805
                                                  Adj R-squared   =     0.3803
                                                  Within R-sq.    =     0.0028
Number of clusters (county_code) =      1,720     Root MSE        =     6.4397

                          (Std. err. adjusted for 1,720 clusters in county_code)
--------------------------------------------------------------------------------
               |               Robust
 marriage_rate | Coefficient  std. err.      t    P>|t|     [95% conf. interval]
---------------+----------------------------------------------------------------
    treat_post |   1.750289   1.127297     1.55   0.121    -.4607288    3.961307
industry_ratio |  -.1773834   .2184012    -0.81   0.417    -.6057436    .2509768
    log_retail |  -.6984949   .6509488    -1.07   0.283     -1.97523    .5782402
      log_beds |   .7855287   .6478631     1.21   0.225    -.4851543    2.056212
          pm25 |   .0535339   .0404164     1.32   0.185    -.0257366    .1328044
         _cons |   12.33626   9.106553     1.35   0.176    -5.524833    30.19735
--------------------------------------------------------------------------------

Absorbed degrees of freedom:
-----------------------------------------------------+
 Absorbed FE | Categories  - Redundant  = Num. Coefs |
-------------+---------------------------------------|
        year |        19           1          18     |
 county_code |      1720        1720           0    *|
-----------------------------------------------------+
* = FE nested within cluster; treated as redundant for DoF computation

. post_est, label("T1c4_marriage_controls")   coef(treat_post)
RESULT|T1c4_marriage_controls|b=    1.750289|se=    1.127297|p=  0.120693|N=        5392|r2=  0.580534

. 
. summarize divorce_rate treat_post $cv

    Variable |        Obs        Mean    Std. dev.       Min        Max
-------------+---------------------------------------------------------
divorce_rate |     12,231    2.184242    1.924244   .0100156   9.988437
  treat_post |     12,231    .2547625    .4357454          0          1
industry_r~o |     12,231    1.011272    .9342861   .0003444   25.77508
  log_retail |     12,231    11.92915    1.419934   5.308268   16.86083
    log_beds |     12,231    6.846988    .8522628   2.995732   10.22012
-------------+---------------------------------------------------------
        pm25 |     12,231    47.20046    18.83301   1.451003   132.5521

. 
. *--------------------------------------------------------------
. * Table 2  历史传统文化交互（Table 2）
. *--------------------------------------------------------------
. capture drop tp_lnjinshi tp_academy tp_temples

. generate double tp_lnjinshi = treat_post * lnjinshi

. generate double tp_academy  = treat_post * academy_50km

. generate double tp_temples  = treat_post * temples

. 
. reghdfe divorce_rate tp_lnjinshi treat_post lnjinshi $cv
(MWFE estimator converged in 1 iterations)

HDFE Linear regression                            Number of obs   =     12,231
Absorbing 1 HDFE group                            F(   7,  12223) =     129.36
                                                  Prob > F        =     0.0000
                                                  R-squared       =     0.0690
                                                  Adj R-squared   =     0.0684
                                                  Within R-sq.    =     0.0690
                                                  Root MSE        =     1.8572

--------------------------------------------------------------------------------
  divorce_rate | Coefficient  Std. err.      t    P>|t|     [95% conf. interval]
---------------+----------------------------------------------------------------
   tp_lnjinshi |  -3.072638   .3585286    -8.57   0.000    -3.775411   -2.369865
    treat_post |   .5188317   .0473761    10.95   0.000     .4259672    .6116963
      lnjinshi |  -1.241484   .1969232    -6.30   0.000    -1.627485   -.8554839
industry_ratio |    .017481   .0185174     0.94   0.345    -.0188161     .053778
    log_retail |   .4936123   .0203197    24.29   0.000     .4537824    .5334422
      log_beds |  -.3592338    .032815   -10.95   0.000    -.4235563   -.2949113
          pm25 |  -.0030376    .001027    -2.96   0.003    -.0050507   -.0010245
         _cons |  -1.098534   .1572462    -6.99   0.000    -1.406761   -.7903066
--------------------------------------------------------------------------------

. post_est, label("T2c1_x_lnjinshi") coef(tp_lnjinshi)
RESULT|T2c1_x_lnjinshi|b=   -3.072638|se=    0.358529|p=  0.000000|N=       12231|r2=  0.068971

. post_est, label("T2c1_treat_post") coef(treat_post)
RESULT|T2c1_treat_post|b=    0.518832|se=    0.047376|p=  0.000000|N=       12231|r2=  0.068971

. reghdfe divorce_rate tp_academy  treat_post academy  $cv
(MWFE estimator converged in 1 iterations)

HDFE Linear regression                            Number of obs   =     12,231
Absorbing 1 HDFE group                            F(   7,  12223) =     116.75
                                                  Prob > F        =     0.0000
                                                  R-squared       =     0.0627
                                                  Adj R-squared   =     0.0621
                                                  Within R-sq.    =     0.0627
                                                  Root MSE        =     1.8635

--------------------------------------------------------------------------------
  divorce_rate | Coefficient  Std. err.      t    P>|t|     [95% conf. interval]
---------------+----------------------------------------------------------------
    tp_academy |  -.0166202   .0028621    -5.81   0.000    -.0222304   -.0110101
    treat_post |   .4665536    .049545     9.42   0.000     .3694375    .5636697
       academy |  -.0080116   .0013845    -5.79   0.000    -.0107254   -.0052979
industry_ratio |   .0196868   .0185876     1.06   0.290    -.0167479    .0561214
    log_retail |   .4594882   .0200754    22.89   0.000     .4201372    .4988392
      log_beds |  -.3390013    .032871   -10.31   0.000    -.4034337    -.274569
          pm25 |  -.0047939   .0009956    -4.81   0.000    -.0067455   -.0028423
         _cons |  -.7560992   .1545575    -4.89   0.000    -1.059056   -.4531421
--------------------------------------------------------------------------------

. post_est, label("T2c2_x_academy")  coef(tp_academy)
RESULT|T2c2_x_academy|b=   -0.016620|se=    0.002862|p=  0.000000|N=       12231|r2=  0.062671

. post_est, label("T2c2_treat_post") coef(treat_post)
RESULT|T2c2_treat_post|b=    0.466554|se=    0.049545|p=  0.000000|N=       12231|r2=  0.062671

. reghdfe divorce_rate tp_temples  treat_post temples  $cv
(MWFE estimator converged in 1 iterations)

HDFE Linear regression                            Number of obs   =     12,231
Absorbing 1 HDFE group                            F(   7,  12223) =     128.37
                                                  Prob > F        =     0.0000
                                                  R-squared       =     0.0685
                                                  Adj R-squared   =     0.0679
                                                  Within R-sq.    =     0.0685
                                                  Root MSE        =     1.8577

--------------------------------------------------------------------------------
  divorce_rate | Coefficient  Std. err.      t    P>|t|     [95% conf. interval]
---------------+----------------------------------------------------------------
    tp_temples |  -.0514533    .023192    -2.22   0.027    -.0969133   -.0059934
    treat_post |   .4201795   .0483868     8.68   0.000     .3253336    .5150253
       temples |  -.1520442   .0159257    -9.55   0.000    -.1832611   -.1208273
industry_ratio |    .031145    .018466     1.69   0.092    -.0050513    .0673414
    log_retail |   .4437406   .0199301    22.26   0.000     .4046745    .4828067
      log_beds |  -.3108939   .0328772    -9.46   0.000    -.3753383   -.2464494
          pm25 |  -.0011456   .0010452    -1.10   0.273    -.0031943    .0009031
         _cons |  -.8818982   .1546606    -5.70   0.000    -1.185057   -.5787389
--------------------------------------------------------------------------------

. post_est, label("T2c3_x_temples")  coef(tp_temples)
RESULT|T2c3_x_temples|b=   -0.051453|se=    0.023192|p=  0.026533|N=       12231|r2=  0.068482

. post_est, label("T2c3_treat_post") coef(treat_post)
RESULT|T2c3_treat_post|b=    0.420179|se=    0.048387|p=  0.000000|N=       12231|r2=  0.068482

. 
. *--------------------------------------------------------------
. * Table 4 / S7  区域婚俗与故事发源地（Table 4 与 Table S7 / S8）
. *--------------------------------------------------------------
. use "${f_mech}", clear

. capture drop treat_post

. generate double treat_post = treat_50km * post_50km

. 
. foreach spec in pa_ears male_chauvinism 彩礼分类 {
  2.     forvalues v = 0/1 {
  3.         reghdfe divorce_rate treat_post $cv if `spec' == `v', ///
>             absorb(year county_code) cluster(county_code)
  4.         post_est, label("T4_`spec'_`v'") coef(treat_post)
  5.     }
  6. }
(MWFE estimator converged in 9 iterations)

HDFE Linear regression                            Number of obs   =     11,288
Absorbing 2 HDFE groups                           F(   5,   1853) =       7.19
Statistics robust to heteroskedasticity           Prob > F        =     0.0000
                                                  R-squared       =     0.5478
                                                  Adj R-squared   =     0.4577
                                                  Within R-sq.    =     0.0040
Number of clusters (county_code) =      1,854     Root MSE        =     1.3976

                          (Std. err. adjusted for 1,854 clusters in county_code)
--------------------------------------------------------------------------------
               |               Robust
  divorce_rate | Coefficient  std. err.      t    P>|t|     [95% conf. interval]
---------------+----------------------------------------------------------------
    treat_post |   .3367399   .0800105     4.21   0.000     .1798197      .49366
industry_ratio |  -.0656387   .0260437    -2.52   0.012    -.1167169   -.0145606
    log_retail |   -.185218   .0627717    -2.95   0.003    -.3083286   -.0621074
      log_beds |  -.1436016   .0870491    -1.65   0.099    -.3143261     .027123
          pm25 |   .0066654   .0040782     1.63   0.102    -.0013329    .0146637
         _cons |   5.038589   .9546676     5.28   0.000     3.166252    6.910927
--------------------------------------------------------------------------------

Absorbed degrees of freedom:
-----------------------------------------------------+
 Absorbed FE | Categories  - Redundant  = Num. Coefs |
-------------+---------------------------------------|
        year |        19           1          18     |
 county_code |      1854        1854           0    *|
-----------------------------------------------------+
* = FE nested within cluster; treated as redundant for DoF computation
RESULT|T4_pa_ears_0|b=    0.336740|se=    0.080010|p=  0.000027|N=       11288|r2=  0.547842
(dropped 1 singleton observations)
(MWFE estimator converged in 9 iterations)

HDFE Linear regression                            Number of obs   =        942
Absorbing 2 HDFE groups                           F(   5,    182) =       1.46
Statistics robust to heteroskedasticity           Prob > F        =     0.2051
                                                  R-squared       =     0.4853
                                                  Adj R-squared   =     0.3428
                                                  Within R-sq.    =     0.0090
Number of clusters (county_code) =        183     Root MSE        =     1.7953

                            (Std. err. adjusted for 183 clusters in county_code)
--------------------------------------------------------------------------------
               |               Robust
  divorce_rate | Coefficient  std. err.      t    P>|t|     [95% conf. interval]
---------------+----------------------------------------------------------------
    treat_post |   .0938295   .3155129     0.30   0.767    -.5287039     .716363
industry_ratio |  -.2667293   .1342505    -1.99   0.048    -.5316168   -.0018419
    log_retail |   -.482521   .3369417    -1.43   0.154    -1.147335    .1822933
      log_beds |   .1374821   .4197149     0.33   0.744    -.6906506    .9656148
          pm25 |  -.0108963   .0228989    -0.48   0.635    -.0560778    .0342852
         _cons |   7.700942   4.915717     1.57   0.119    -1.998181    17.40006
--------------------------------------------------------------------------------

Absorbed degrees of freedom:
-----------------------------------------------------+
 Absorbed FE | Categories  - Redundant  = Num. Coefs |
-------------+---------------------------------------|
        year |        18           1          17     |
 county_code |       183         183           0    *|
-----------------------------------------------------+
* = FE nested within cluster; treated as redundant for DoF computation
RESULT|T4_pa_ears_1|b=    0.093830|se=    0.315513|p=  0.766510|N=         942|r2=  0.485275
(MWFE estimator converged in 9 iterations)

HDFE Linear regression                            Number of obs   =      8,964
Absorbing 2 HDFE groups                           F(   5,   1519) =       5.23
Statistics robust to heteroskedasticity           Prob > F        =     0.0001
                                                  R-squared       =     0.5153
                                                  Adj R-squared   =     0.4146
                                                  Within R-sq.    =     0.0039
Number of clusters (county_code) =      1,520     Root MSE        =     1.4399

                          (Std. err. adjusted for 1,520 clusters in county_code)
--------------------------------------------------------------------------------
               |               Robust
  divorce_rate | Coefficient  std. err.      t    P>|t|     [95% conf. interval]
---------------+----------------------------------------------------------------
    treat_post |   .2988115   .1078152     2.77   0.006     .0873291    .5102938
industry_ratio |  -.1088668   .0344311    -3.16   0.002    -.1764043   -.0413293
    log_retail |   -.197441   .0774912    -2.55   0.011    -.3494421   -.0454398
      log_beds |  -.0629785   .1023424    -0.62   0.538    -.2637259    .1377689
          pm25 |   .0085658   .0061105     1.40   0.161    -.0034201    .0205518
         _cons |   4.563624   1.242156     3.67   0.000     2.127102    7.000146
--------------------------------------------------------------------------------

Absorbed degrees of freedom:
-----------------------------------------------------+
 Absorbed FE | Categories  - Redundant  = Num. Coefs |
-------------+---------------------------------------|
        year |        19           1          18     |
 county_code |      1520        1520           0    *|
-----------------------------------------------------+
* = FE nested within cluster; treated as redundant for DoF computation
RESULT|T4_male_chauvinism_0|b=    0.298811|se=    0.107815|p=  0.005648|N=        8964|r2=  0.515272
(MWFE estimator converged in 9 iterations)

HDFE Linear regression                            Number of obs   =      3,267
Absorbing 2 HDFE groups                           F(   5,    516) =       4.14
Statistics robust to heteroskedasticity           Prob > F        =     0.0011
                                                  R-squared       =     0.6067
                                                  Adj R-squared   =     0.5290
                                                  Within R-sq.    =     0.0081
Number of clusters (county_code) =        517     Root MSE        =     1.3944

                            (Std. err. adjusted for 517 clusters in county_code)
--------------------------------------------------------------------------------
               |               Robust
  divorce_rate | Coefficient  std. err.      t    P>|t|     [95% conf. interval]
---------------+----------------------------------------------------------------
    treat_post |   .3821637   .1217316     3.14   0.002     .1430131    .6213142
industry_ratio |  -.0405018   .0350926    -1.15   0.249    -.1094437    .0284402
    log_retail |  -.2535494    .116214    -2.18   0.030    -.4818601   -.0252387
      log_beds |  -.2345467   .1614596    -1.45   0.147    -.5517457    .0826523
          pm25 |  -.0047596   .0062145    -0.77   0.444    -.0169684    .0074492
         _cons |   7.311307   1.529082     4.78   0.000     4.307315     10.3153
--------------------------------------------------------------------------------

Absorbed degrees of freedom:
-----------------------------------------------------+
 Absorbed FE | Categories  - Redundant  = Num. Coefs |
-------------+---------------------------------------|
        year |        19           1          18     |
 county_code |       517         517           0    *|
-----------------------------------------------------+
* = FE nested within cluster; treated as redundant for DoF computation
RESULT|T4_male_chauvinism_1|b=    0.382164|se=    0.121732|p=  0.001790|N=        3267|r2=  0.606713
(MWFE estimator converged in 9 iterations)

HDFE Linear regression                            Number of obs   =      4,990
Absorbing 2 HDFE groups                           F(   5,    876) =       2.82
Statistics robust to heteroskedasticity           Prob > F        =     0.0154
                                                  R-squared       =     0.5690
                                                  Adj R-squared   =     0.4743
                                                  Within R-sq.    =     0.0050
Number of clusters (county_code) =        877     Root MSE        =     1.3617

                            (Std. err. adjusted for 877 clusters in county_code)
--------------------------------------------------------------------------------
               |               Robust
  divorce_rate | Coefficient  std. err.      t    P>|t|     [95% conf. interval]
---------------+----------------------------------------------------------------
    treat_post |   .2663509   .1727923     1.54   0.124    -.0727845    .6054862
industry_ratio |  -.0632501   .0473414    -1.34   0.182    -.1561659    .0296657
    log_retail |  -.1596569   .1006285    -1.59   0.113     -.357158    .0378441
      log_beds |  -.2388332   .1305363    -1.83   0.068    -.4950337    .0173673
          pm25 |  -.0135761   .0080829    -1.68   0.093    -.0294401    .0022879
         _cons |   6.230748   1.401137     4.45   0.000      3.48077    8.980726
--------------------------------------------------------------------------------

Absorbed degrees of freedom:
-----------------------------------------------------+
 Absorbed FE | Categories  - Redundant  = Num. Coefs |
-------------+---------------------------------------|
        year |        19           1          18     |
 county_code |       877         877           0    *|
-----------------------------------------------------+
* = FE nested within cluster; treated as redundant for DoF computation
RESULT|T4_彩礼分类_0|b=    0.266351|se=    0.172792|p=  0.123568|N=        4990|r2=  0.569033
(MWFE estimator converged in 8 iterations)

HDFE Linear regression                            Number of obs   =      7,241
Absorbing 2 HDFE groups                           F(   5,   1159) =       8.03
Statistics robust to heteroskedasticity           Prob > F        =     0.0000
                                                  R-squared       =     0.5279
                                                  Adj R-squared   =     0.4358
                                                  Within R-sq.    =     0.0058
Number of clusters (county_code) =      1,160     Root MSE        =     1.4681

                          (Std. err. adjusted for 1,160 clusters in county_code)
--------------------------------------------------------------------------------
               |               Robust
  divorce_rate | Coefficient  std. err.      t    P>|t|     [95% conf. interval]
---------------+----------------------------------------------------------------
    treat_post |    .316558   .0892757     3.55   0.000     .1413979    .4917181
industry_ratio |  -.0676665   .0330325    -2.05   0.041    -.1324768   -.0028562
    log_retail |  -.2577856   .0866752    -2.97   0.003    -.4278434   -.0877278
      log_beds |  -.0674205   .1084699    -0.62   0.534    -.2802399     .145399
          pm25 |   .0154575   .0047543     3.25   0.001     .0061296    .0247855
         _cons |    4.89731   1.318505     3.71   0.000     2.310386    7.484235
--------------------------------------------------------------------------------

Absorbed degrees of freedom:
-----------------------------------------------------+
 Absorbed FE | Categories  - Redundant  = Num. Coefs |
-------------+---------------------------------------|
        year |        19           1          18     |
 county_code |      1160        1160           0    *|
-----------------------------------------------------+
* = FE nested within cluster; treated as redundant for DoF computation
RESULT|T4_彩礼分类_1|b=    0.316558|se=    0.089276|p=  0.000407|N=        7241|r2=  0.527870

. foreach spec in story_origin liangzhu_origin niulang_origin baishe_origin {
  2.     forvalues v = 0/1 {
  3.         reghdfe divorce_rate treat_post $cv if `spec' == `v', ///
>             absorb(year county_code) cluster(county_code)
  4.         post_est, label("S7_`spec'_`v'") coef(treat_post)
  5.     }
  6. }
(MWFE estimator converged in 9 iterations)

HDFE Linear regression                            Number of obs   =     11,741
Absorbing 2 HDFE groups                           F(   5,   1968) =       6.76
Statistics robust to heteroskedasticity           Prob > F        =     0.0000
                                                  R-squared       =     0.5421
                                                  Adj R-squared   =     0.4485
                                                  Within R-sq.    =     0.0041
Number of clusters (county_code) =      1,969     Root MSE        =     1.4292

                          (Std. err. adjusted for 1,969 clusters in county_code)
--------------------------------------------------------------------------------
               |               Robust
  divorce_rate | Coefficient  std. err.      t    P>|t|     [95% conf. interval]
---------------+----------------------------------------------------------------
    treat_post |   .3202839   .0843241     3.80   0.000     .1549099    .4856579
industry_ratio |  -.0742676   .0270321    -2.75   0.006    -.1272822   -.0212529
    log_retail |  -.1984348   .0645141    -3.08   0.002    -.3249581   -.0719116
      log_beds |  -.1232864   .0870841    -1.42   0.157    -.2940731    .0475004
          pm25 |   .0071069   .0043365     1.64   0.101    -.0013976    .0156114
         _cons |   5.042411   .9627341     5.24   0.000     3.154325    6.930496
--------------------------------------------------------------------------------

Absorbed degrees of freedom:
-----------------------------------------------------+
 Absorbed FE | Categories  - Redundant  = Num. Coefs |
-------------+---------------------------------------|
        year |        19           1          18     |
 county_code |      1969        1969           0    *|
-----------------------------------------------------+
* = FE nested within cluster; treated as redundant for DoF computation
RESULT|S7_story_origin_0|b=    0.320284|se=    0.084324|p=  0.000150|N=       11741|r2=  0.542056
(MWFE estimator converged in 8 iterations)

HDFE Linear regression                            Number of obs   =        490
Absorbing 2 HDFE groups                           F(   5,     67) =       0.57
Statistics robust to heteroskedasticity           Prob > F        =     0.7208
                                                  R-squared       =     0.5455
                                                  Adj R-squared   =     0.4429
                                                  Within R-sq.    =     0.0096
Number of clusters (county_code) =         68     Root MSE        =     1.4308

                             (Std. err. adjusted for 68 clusters in county_code)
--------------------------------------------------------------------------------
               |               Robust
  divorce_rate | Coefficient  std. err.      t    P>|t|     [95% conf. interval]
---------------+----------------------------------------------------------------
    treat_post |  -.9590608   .6788117    -1.41   0.162    -2.313975     .395853
industry_ratio |  -.1755267   .7834498    -0.22   0.823    -1.739299    1.388246
    log_retail |  -.3801247   .5600867    -0.68   0.500    -1.498062    .7378129
      log_beds |   .1941897   .5055903     0.38   0.702    -.8149727    1.203352
          pm25 |  -.0079352   .0128873    -0.62   0.540    -.0336584     .017788
         _cons |   6.527831   7.800758     0.84   0.406    -9.042547    22.09821
--------------------------------------------------------------------------------

Absorbed degrees of freedom:
-----------------------------------------------------+
 Absorbed FE | Categories  - Redundant  = Num. Coefs |
-------------+---------------------------------------|
        year |        19           1          18     |
 county_code |        68          68           0    *|
-----------------------------------------------------+
* = FE nested within cluster; treated as redundant for DoF computation
RESULT|S7_story_origin_1|b=   -0.959061|se=    0.678812|p=  0.162328|N=         490|r2=  0.545472
(MWFE estimator converged in 9 iterations)

HDFE Linear regression                            Number of obs   =     12,041
Absorbing 2 HDFE groups                           F(   5,   2012) =       6.46
Statistics robust to heteroskedasticity           Prob > F        =     0.0000
                                                  R-squared       =     0.5437
                                                  Adj R-squared   =     0.4509
                                                  Within R-sq.    =     0.0039
Number of clusters (county_code) =      2,013     Root MSE        =     1.4245

                          (Std. err. adjusted for 2,013 clusters in county_code)
--------------------------------------------------------------------------------
               |               Robust
  divorce_rate | Coefficient  std. err.      t    P>|t|     [95% conf. interval]
---------------+----------------------------------------------------------------
    treat_post |   .2975134   .0836332     3.56   0.000     .1334967    .4615301
industry_ratio |   -.071946   .0267973    -2.68   0.007    -.1244994   -.0193926
    log_retail |  -.2008797   .0641937    -3.13   0.002    -.3267728   -.0749865
      log_beds |  -.1273839   .0863061    -1.48   0.140    -.2966426    .0418749
          pm25 |   .0070622   .0042051     1.68   0.093    -.0011846     .015309
         _cons |   5.107927   .9582817     5.33   0.000     3.228598    6.987255
--------------------------------------------------------------------------------

Absorbed degrees of freedom:
-----------------------------------------------------+
 Absorbed FE | Categories  - Redundant  = Num. Coefs |
-------------+---------------------------------------|
        year |        19           1          18     |
 county_code |      2013        2013           0    *|
-----------------------------------------------------+
* = FE nested within cluster; treated as redundant for DoF computation
RESULT|S7_liangzhu_origin_0|b=    0.297513|se=    0.083633|p=  0.000383|N=       12041|r2=  0.543693
(dropped 6 singleton observations)
(MWFE estimator converged in 7 iterations)

HDFE Linear regression                            Number of obs   =        184
Absorbing 2 HDFE groups                           F(   5,     23) =       4.26
Statistics robust to heteroskedasticity           Prob > F        =     0.0069
                                                  R-squared       =     0.5235
                                                  Adj R-squared   =     0.3903
                                                  Within R-sq.    =     0.0512
Number of clusters (county_code) =         24     Root MSE        =     1.6006

                             (Std. err. adjusted for 24 clusters in county_code)
--------------------------------------------------------------------------------
               |               Robust
  divorce_rate | Coefficient  std. err.      t    P>|t|     [95% conf. interval]
---------------+----------------------------------------------------------------
    treat_post |   -.140333   .4253231    -0.33   0.744    -1.020181    .7395149
industry_ratio |  -1.190829   .9896211    -1.20   0.241    -3.238017    .8563577
    log_retail |  -.1010978   .6168303    -0.16   0.871    -1.377109    1.174913
      log_beds |   1.073325   .6822771     1.57   0.129    -.3380723    2.484723
          pm25 |  -.0834134   .0223175    -3.74   0.001    -.1295807   -.0372462
         _cons |   .7837381   8.184775     0.10   0.925    -16.14776    17.71523
--------------------------------------------------------------------------------

Absorbed degrees of freedom:
-----------------------------------------------------+
 Absorbed FE | Categories  - Redundant  = Num. Coefs |
-------------+---------------------------------------|
        year |        13           1          12     |
 county_code |        24          24           0    *|
-----------------------------------------------------+
* = FE nested within cluster; treated as redundant for DoF computation
RESULT|S7_liangzhu_origin_1|b=   -0.140333|se=    0.425323|p=  0.744428|N=         184|r2=  0.523542
(MWFE estimator converged in 9 iterations)

HDFE Linear regression                            Number of obs   =     12,040
Absorbing 2 HDFE groups                           F(   5,   2004) =       6.20
Statistics robust to heteroskedasticity           Prob > F        =     0.0000
                                                  R-squared       =     0.5382
                                                  Adj R-squared   =     0.4447
                                                  Within R-sq.    =     0.0036
Number of clusters (county_code) =      2,005     Root MSE        =     1.4395

                          (Std. err. adjusted for 2,005 clusters in county_code)
--------------------------------------------------------------------------------
               |               Robust
  divorce_rate | Coefficient  std. err.      t    P>|t|     [95% conf. interval]
---------------+----------------------------------------------------------------
    treat_post |   .2963951   .0848226     3.49   0.000     .1300454    .4627449
industry_ratio |  -.0747323   .0267779    -2.79   0.005    -.1272478   -.0222168
    log_retail |   -.195666   .0644351    -3.04   0.002    -.3220329   -.0692992
      log_beds |  -.1103413    .086028    -1.28   0.200    -.2790549    .0583723
          pm25 |   .0061034   .0042703     1.43   0.153    -.0022714    .0144782
         _cons |   4.995955   .9614526     5.20   0.000     3.110403    6.881506
--------------------------------------------------------------------------------

Absorbed degrees of freedom:
-----------------------------------------------------+
 Absorbed FE | Categories  - Redundant  = Num. Coefs |
-------------+---------------------------------------|
        year |        19           1          18     |
 county_code |      2005        2005           0    *|
-----------------------------------------------------+
* = FE nested within cluster; treated as redundant for DoF computation
RESULT|S7_niulang_origin_0|b=    0.296395|se=    0.084823|p=  0.000486|N=       12040|r2=  0.538207
(dropped 3 singleton observations)
(MWFE estimator converged in 6 iterations)

HDFE Linear regression                            Number of obs   =        188
Absorbing 2 HDFE groups                           F(   5,     31) =       3.69
Statistics robust to heteroskedasticity           Prob > F        =     0.0098
                                                  R-squared       =     0.7211
                                                  Adj R-squared   =     0.6379
                                                  Within R-sq.    =     0.1080
Number of clusters (county_code) =         32     Root MSE        =     0.6836

                             (Std. err. adjusted for 32 clusters in county_code)
--------------------------------------------------------------------------------
               |               Robust
  divorce_rate | Coefficient  std. err.      t    P>|t|     [95% conf. interval]
---------------+----------------------------------------------------------------
    treat_post |   .5882908   .3445857     1.71   0.098    -.1144964    1.291078
industry_ratio |  -1.023217   .5856967    -1.75   0.091    -2.217754     .171319
    log_retail |   1.085883   .4594478     2.36   0.025     .1488333    2.022933
      log_beds |  -.3681996   .4128038    -0.89   0.379    -1.210118    .4737192
          pm25 |   .0045744   .0155738     0.29   0.771    -.0271887    .0363374
         _cons |   -8.92204   5.416737    -1.65   0.110    -19.96955    2.125468
--------------------------------------------------------------------------------

Absorbed degrees of freedom:
-----------------------------------------------------+
 Absorbed FE | Categories  - Redundant  = Num. Coefs |
-------------+---------------------------------------|
        year |         8           1           7     |
 county_code |        32          32           0    *|
-----------------------------------------------------+
* = FE nested within cluster; treated as redundant for DoF computation
RESULT|S7_niulang_origin_1|b=    0.588291|se=    0.344586|p=  0.097776|N=         188|r2=  0.721147
(MWFE estimator converged in 9 iterations)

HDFE Linear regression                            Number of obs   =     12,122
Absorbing 2 HDFE groups                           F(   5,   2024) =       6.98
Statistics robust to heteroskedasticity           Prob > F        =     0.0000
                                                  R-squared       =     0.5396
                                                  Adj R-squared   =     0.4460
                                                  Within R-sq.    =     0.0040
Number of clusters (county_code) =      2,025     Root MSE        =     1.4283

                          (Std. err. adjusted for 2,025 clusters in county_code)
--------------------------------------------------------------------------------
               |               Robust
  divorce_rate | Coefficient  std. err.      t    P>|t|     [95% conf. interval]
---------------+----------------------------------------------------------------
    treat_post |   .3197218   .0827637     3.86   0.000     .1574109    .4820327
industry_ratio |  -.0800555   .0273159    -2.93   0.003    -.1336257   -.0264854
    log_retail |  -.1919182   .0636049    -3.02   0.003    -.3166561   -.0671804
      log_beds |   -.116348    .085276    -1.36   0.173    -.2835859    .0508898
          pm25 |   .0065296   .0041763     1.56   0.118    -.0016608      .01472
         _cons |   4.948759   .9441597     5.24   0.000     3.097132    6.800385
--------------------------------------------------------------------------------

Absorbed degrees of freedom:
-----------------------------------------------------+
 Absorbed FE | Categories  - Redundant  = Num. Coefs |
-------------+---------------------------------------|
        year |        19           1          18     |
 county_code |      2025        2025           0    *|
-----------------------------------------------------+
* = FE nested within cluster; treated as redundant for DoF computation
RESULT|S7_baishe_origin_0|b=    0.319722|se=    0.082764|p=  0.000115|N=       12122|r2=  0.539564
(MWFE estimator converged in 8 iterations)

HDFE Linear regression                            Number of obs   =        109
Absorbing 2 HDFE groups                           F(   5,     11) =      17.56
Statistics robust to heteroskedasticity           Prob > F        =     0.0001
                                                  R-squared       =     0.7039
                                                  Adj R-squared   =     0.5679
                                                  Within R-sq.    =     0.1852
Number of clusters (county_code) =         12     Root MSE        =     1.4393

                             (Std. err. adjusted for 12 clusters in county_code)
--------------------------------------------------------------------------------
               |               Robust
  divorce_rate | Coefficient  std. err.      t    P>|t|     [95% conf. interval]
---------------+----------------------------------------------------------------
    treat_post |  -5.085792   1.166505    -4.36   0.001    -7.653252   -2.518333
industry_ratio |   .3342241   1.227609     0.27   0.790    -2.367726    3.036174
    log_retail |   5.649016    4.41269     1.28   0.227    -4.063249    15.36128
      log_beds |   1.385741   2.286671     0.61   0.557    -3.647187    6.418669
          pm25 |   .0004426   .0735212     0.01   0.995    -.1613764    .1622616
         _cons |  -81.44813   53.79893    -1.51   0.158    -199.8588    36.96252
--------------------------------------------------------------------------------

Absorbed degrees of freedom:
-----------------------------------------------------+
 Absorbed FE | Categories  - Redundant  = Num. Coefs |
-------------+---------------------------------------|
        year |        19           1          18     |
 county_code |        12          12           0    *|
-----------------------------------------------------+
* = FE nested within cluster; treated as redundant for DoF computation
RESULT|S7_baishe_origin_1|b=   -5.085792|se=    1.166505|p=  0.001137|N=         109|r2=  0.703919

. 
. *--------------------------------------------------------------
. * S9  裁判文书离婚案件（Table S9）
. *--------------------------------------------------------------
. replace 离婚案件数 = 0 if missing(离婚案件数)
(0 real changes made)

. capture drop divorce_proceedings

. generate double divorce_proceedings = ln(离婚案件数/population（人） + 1)

. reghdfe divorce_proceedings treat_post $cv, absorb(year county_code) cluster(county_code)
(MWFE estimator converged in 9 iterations)

HDFE Linear regression                            Number of obs   =     12,231
Absorbing 2 HDFE groups                           F(   5,   2036) =       1.77
Statistics robust to heteroskedasticity           Prob > F        =     0.1161
                                                  R-squared       =     0.1499
                                                  Adj R-squared   =    -0.0221
                                                  Within R-sq.    =     0.0002
Number of clusters (county_code) =      2,037     Root MSE        =     0.0015

                          (Std. err. adjusted for 2,037 clusters in county_code)
--------------------------------------------------------------------------------
               |               Robust
divorce_proc~s | Coefficient  std. err.      t    P>|t|     [95% conf. interval]
---------------+----------------------------------------------------------------
    treat_post |   -.000088   .0000505    -1.74   0.081    -.0001869    .0000109
industry_ratio |   1.23e-06   7.26e-06     0.17   0.865     -.000013    .0000155
    log_retail |  -.0000372   .0000165    -2.25   0.024    -.0000696   -4.84e-06
      log_beds |   .0000163   .0000339     0.48   0.631    -.0000501    .0000827
          pm25 |  -8.09e-09   3.73e-06    -0.00   0.998    -7.32e-06    7.31e-06
         _cons |   .0004301   .0003735     1.15   0.250    -.0003024    .0011627
--------------------------------------------------------------------------------

Absorbed degrees of freedom:
-----------------------------------------------------+
 Absorbed FE | Categories  - Redundant  = Num. Coefs |
-------------+---------------------------------------|
        year |        19           1          18     |
 county_code |      2037        2037           0    *|
-----------------------------------------------------+
* = FE nested within cluster; treated as redundant for DoF computation

. post_est, label("S9_divorce_proceedings") coef(treat_post)
RESULT|S9_divorce_proceedings|b=   -0.000088|se=    0.000050|p=  0.081243|N=       12231|r2=  0.149940

. 
. *--------------------------------------------------------------
. * S13  灾种与严重程度（Table S13）
. *--------------------------------------------------------------
. capture drop tp_geo tp_cli tp_met tp_hyd damage affected

. generate double tp_geo = treat_50km_地质类 * post_50km_地质类

. generate double tp_cli = treat_50km_气候类 * post_50km_气候类

. generate double tp_met = treat_50km_气象类 * post_50km_气象类

. generate double tp_hyd = treat_50km_水文类 * post_50km_水文类

. generate double damage   = ln(total_damage_50km + 1)

. generate double affected = ln(total_affected_50km/1000 + 1)

. 
. foreach h in geo cli met hyd {
  2.     reghdfe divorce_rate tp_`h' $cv, absorb(year county_code) cluster(county_code)
  3.     post_est, label("S13_hazard_`h'") coef(tp_`h')
  4. }
(MWFE estimator converged in 9 iterations)

HDFE Linear regression                            Number of obs   =     12,231
Absorbing 2 HDFE groups                           F(   5,   2036) =       4.79
Statistics robust to heteroskedasticity           Prob > F        =     0.0002
                                                  R-squared       =     0.5395
                                                  Adj R-squared   =     0.4463
                                                  Within R-sq.    =     0.0032
Number of clusters (county_code) =      2,037     Root MSE        =     1.4319

                          (Std. err. adjusted for 2,037 clusters in county_code)
--------------------------------------------------------------------------------
               |               Robust
  divorce_rate | Coefficient  std. err.      t    P>|t|     [95% conf. interval]
---------------+----------------------------------------------------------------
        tp_geo |    .360737   .1391412     2.59   0.010      .087863     .633611
industry_ratio |  -.0760632   .0270239    -2.81   0.005    -.1290606   -.0230658
    log_retail |  -.1871846   .0640861    -2.92   0.004    -.3128657   -.0615036
      log_beds |  -.1087255    .085369    -1.27   0.203    -.2761452    .0586941
          pm25 |   .0068999   .0041495     1.66   0.097    -.0012378    .0150377
         _cons |   4.888635   .9537121     5.13   0.000     3.018282    6.758988
--------------------------------------------------------------------------------

Absorbed degrees of freedom:
-----------------------------------------------------+
 Absorbed FE | Categories  - Redundant  = Num. Coefs |
-------------+---------------------------------------|
        year |        19           1          18     |
 county_code |      2037        2037           0    *|
-----------------------------------------------------+
* = FE nested within cluster; treated as redundant for DoF computation
RESULT|S13_hazard_geo|b=    0.360737|se=    0.139141|p=  0.009594|N=       12231|r2=  0.539479
(MWFE estimator converged in 9 iterations)

HDFE Linear regression                            Number of obs   =     12,231
Absorbing 2 HDFE groups                           F(   5,   2036) =       4.65
Statistics robust to heteroskedasticity           Prob > F        =     0.0003
                                                  R-squared       =     0.5393
                                                  Adj R-squared   =     0.4460
                                                  Within R-sq.    =     0.0028
Number of clusters (county_code) =      2,037     Root MSE        =     1.4322

                          (Std. err. adjusted for 2,037 clusters in county_code)
--------------------------------------------------------------------------------
               |               Robust
  divorce_rate | Coefficient  std. err.      t    P>|t|     [95% conf. interval]
---------------+----------------------------------------------------------------
        tp_cli |   .2203968   .1027252     2.15   0.032     .0189394    .4218542
industry_ratio |  -.0761773   .0269304    -2.83   0.005    -.1289914   -.0233632
    log_retail |  -.1891633    .063975    -2.96   0.003    -.3146265      -.0637
      log_beds |  -.1142116   .0845802    -1.35   0.177    -.2800845    .0516612
          pm25 |   .0072016   .0041422     1.74   0.082    -.0009218     .015325
         _cons |   4.939704   .9502874     5.20   0.000     3.076067    6.803341
--------------------------------------------------------------------------------

Absorbed degrees of freedom:
-----------------------------------------------------+
 Absorbed FE | Categories  - Redundant  = Num. Coefs |
-------------+---------------------------------------|
        year |        19           1          18     |
 county_code |      2037        2037           0    *|
-----------------------------------------------------+
* = FE nested within cluster; treated as redundant for DoF computation
RESULT|S13_hazard_cli|b=    0.220397|se=    0.102725|p=  0.032031|N=       12231|r2=  0.539285
(MWFE estimator converged in 9 iterations)

HDFE Linear regression                            Number of obs   =     12,231
Absorbing 2 HDFE groups                           F(   5,   2036) =       4.23
Statistics robust to heteroskedasticity           Prob > F        =     0.0008
                                                  R-squared       =     0.5393
                                                  Adj R-squared   =     0.4460
                                                  Within R-sq.    =     0.0028
Number of clusters (county_code) =      2,037     Root MSE        =     1.4322

                          (Std. err. adjusted for 2,037 clusters in county_code)
--------------------------------------------------------------------------------
               |               Robust
  divorce_rate | Coefficient  std. err.      t    P>|t|     [95% conf. interval]
---------------+----------------------------------------------------------------
        tp_met |   .2217493   .1414988     1.57   0.117    -.0557483    .4992469
industry_ratio |  -.0761155   .0269579    -2.82   0.005    -.1289835   -.0232475
    log_retail |  -.1900938   .0637509    -2.98   0.003    -.3151175     -.06507
      log_beds |   -.114178   .0849102    -1.34   0.179     -.280698     .052342
          pm25 |   .0067762   .0041625     1.63   0.104    -.0013871    .0149395
         _cons |   4.961964    .951874     5.21   0.000     3.095216    6.828713
--------------------------------------------------------------------------------

Absorbed degrees of freedom:
-----------------------------------------------------+
 Absorbed FE | Categories  - Redundant  = Num. Coefs |
-------------+---------------------------------------|
        year |        19           1          18     |
 county_code |      2037        2037           0    *|
-----------------------------------------------------+
* = FE nested within cluster; treated as redundant for DoF computation
RESULT|S13_hazard_met|b=    0.221749|se=    0.141499|p=  0.117236|N=       12231|r2=  0.539273
(MWFE estimator converged in 9 iterations)

HDFE Linear regression                            Number of obs   =     12,231
Absorbing 2 HDFE groups                           F(   5,   2036) =       9.16
Statistics robust to heteroskedasticity           Prob > F        =     0.0000
                                                  R-squared       =     0.5403
                                                  Adj R-squared   =     0.4472
                                                  Within R-sq.    =     0.0049
Number of clusters (county_code) =      2,037     Root MSE        =     1.4307

                          (Std. err. adjusted for 2,037 clusters in county_code)
--------------------------------------------------------------------------------
               |               Robust
  divorce_rate | Coefficient  std. err.      t    P>|t|     [95% conf. interval]
---------------+----------------------------------------------------------------
        tp_hyd |   .4035705   .0776143     5.20   0.000     .2513587    .5557822
industry_ratio |  -.0771722   .0269444    -2.86   0.004    -.1300137   -.0243307
    log_retail |  -.1934011   .0629985    -3.07   0.002    -.3169493   -.0698528
      log_beds |  -.1188554   .0847614    -1.40   0.161    -.2850836    .0473728
          pm25 |   .0065632   .0041546     1.58   0.114    -.0015844    .0147108
         _cons |   4.988116   .9436121     5.29   0.000      3.13757    6.838661
--------------------------------------------------------------------------------

Absorbed degrees of freedom:
-----------------------------------------------------+
 Absorbed FE | Categories  - Redundant  = Num. Coefs |
-------------+---------------------------------------|
        year |        19           1          18     |
 county_code |      2037        2037           0    *|
-----------------------------------------------------+
* = FE nested within cluster; treated as redundant for DoF computation
RESULT|S13_hazard_hyd|b=    0.403570|se=    0.077614|p=  0.000000|N=       12231|r2=  0.540265

. reghdfe divorce_rate damage   $cv, absorb(year county_code) cluster(county_code)
(MWFE estimator converged in 9 iterations)

HDFE Linear regression                            Number of obs   =     12,231
Absorbing 2 HDFE groups                           F(   5,   2036) =       4.80
Statistics robust to heteroskedasticity           Prob > F        =     0.0002
                                                  R-squared       =     0.5394
                                                  Adj R-squared   =     0.4461
                                                  Within R-sq.    =     0.0029
Number of clusters (county_code) =      2,037     Root MSE        =     1.4321

                          (Std. err. adjusted for 2,037 clusters in county_code)
--------------------------------------------------------------------------------
               |               Robust
  divorce_rate | Coefficient  std. err.      t    P>|t|     [95% conf. interval]
---------------+----------------------------------------------------------------
        damage |   .0136219   .0069633     1.96   0.051     -.000034    .0272778
industry_ratio |  -.0768409    .027152    -2.83   0.005    -.1300895   -.0235923
    log_retail |  -.1912034   .0639429    -2.99   0.003    -.3166038   -.0658031
      log_beds |  -.1126229    .084909    -1.33   0.185    -.2791406    .0538947
          pm25 |   .0068742   .0041323     1.66   0.096    -.0012297    .0149781
         _cons |   4.969585   .9507751     5.23   0.000     3.104992    6.834179
--------------------------------------------------------------------------------

Absorbed degrees of freedom:
-----------------------------------------------------+
 Absorbed FE | Categories  - Redundant  = Num. Coefs |
-------------+---------------------------------------|
        year |        19           1          18     |
 county_code |      2037        2037           0    *|
-----------------------------------------------------+
* = FE nested within cluster; treated as redundant for DoF computation

. post_est, label("S13_severity_damage")   coef(damage)
RESULT|S13_severity_damage|b=    0.013622|se=    0.006963|p=  0.050573|N=       12231|r2=  0.539353

. reghdfe divorce_rate affected $cv, absorb(year county_code) cluster(county_code)
(MWFE estimator converged in 9 iterations)

HDFE Linear regression                            Number of obs   =     12,231
Absorbing 2 HDFE groups                           F(   5,   2036) =       4.44
Statistics robust to heteroskedasticity           Prob > F        =     0.0005
                                                  R-squared       =     0.5393
                                                  Adj R-squared   =     0.4460
                                                  Within R-sq.    =     0.0028
Number of clusters (county_code) =      2,037     Root MSE        =     1.4322

                          (Std. err. adjusted for 2,037 clusters in county_code)
--------------------------------------------------------------------------------
               |               Robust
  divorce_rate | Coefficient  std. err.      t    P>|t|     [95% conf. interval]
---------------+----------------------------------------------------------------
      affected |   .0164037   .0098922     1.66   0.097    -.0029963    .0358037
industry_ratio |  -.0773181   .0271668    -2.85   0.004    -.1305958   -.0240405
    log_retail |   -.188567   .0640002    -2.95   0.003    -.3140797   -.0630544
      log_beds |  -.1122191   .0850365    -1.32   0.187    -.2789866    .0545485
          pm25 |   .0069439   .0041364     1.68   0.093    -.0011681    .0150558
         _cons |   4.937515   .9510376     5.19   0.000     3.072407    6.802624
--------------------------------------------------------------------------------

Absorbed degrees of freedom:
-----------------------------------------------------+
 Absorbed FE | Categories  - Redundant  = Num. Coefs |
-------------+---------------------------------------|
        year |        19           1          18     |
 county_code |      2037        2037           0    *|
-----------------------------------------------------+
* = FE nested within cluster; treated as redundant for DoF computation

. post_est, label("S13_severity_affected") coef(affected)
RESULT|S13_severity_affected|b=    0.016404|se=    0.009892|p=  0.097423|N=       12231|r2=  0.539270

. 
. *--------------------------------------------------------------
. * Table 3  优酷评论（Table 3 与 Table S6）
. *--------------------------------------------------------------
. use "${f_drama}", clear

. capture drop treat_post

. generate double treat_post = treat_50km * post_50km

. forvalues k = 0/3 {
  2.     if `k' == 0  local rv "review"
  3.     else         local rv "review`k'"
  4.     capture drop tp_x
  5.     generate double tp_x = treat_post * `rv'
  6.     reghdfe divorce_rate tp_x treat_post `rv' $cv, ///
>         absorb(year county_code) cluster(county_code)
  7.     post_est, label("T3_youku_`rv'") coef(tp_x)
  8.     drop tp_x
  9. }
(dropped 5 singleton observations)
(MWFE estimator converged in 8 iterations)

HDFE Linear regression                            Number of obs   =      7,222
Absorbing 2 HDFE groups                           F(   7,   1890) =       3.34
Statistics robust to heteroskedasticity           Prob > F        =     0.0015
                                                  R-squared       =     0.5686
                                                  Adj R-squared   =     0.4138
                                                  Within R-sq.    =     0.0055
Number of clusters (county_code) =      1,891     Root MSE        =     1.4742

                          (Std. err. adjusted for 1,891 clusters in county_code)
--------------------------------------------------------------------------------
               |               Robust
  divorce_rate | Coefficient  std. err.      t    P>|t|     [95% conf. interval]
---------------+----------------------------------------------------------------
          tp_x |  -.5084351   .1559857    -3.26   0.001    -.8143574   -.2025128
    treat_post |   .2069586   .2847866     0.73   0.467    -.3515707    .7654878
        review |    .398574    .117758     3.38   0.001     .1676246    .6295234
industry_ratio |  -.0468362   .0607927    -0.77   0.441    -.1660641    .0723916
    log_retail |   .2484343    .098572     2.52   0.012     .0551129    .4417557
      log_beds |    .024633   .1195927     0.21   0.837    -.2099145    .2591806
          pm25 |   .0190525   .0087976     2.17   0.030     .0017984    .0363066
         _cons |  -1.901586   1.628603    -1.17   0.243    -5.095635    1.292462
--------------------------------------------------------------------------------

Absorbed degrees of freedom:
-----------------------------------------------------+
 Absorbed FE | Categories  - Redundant  = Num. Coefs |
-------------+---------------------------------------|
        year |        10           1           9     |
 county_code |      1891        1891           0    *|
-----------------------------------------------------+
* = FE nested within cluster; treated as redundant for DoF computation
RESULT|T3_youku_review|b=   -0.508435|se=    0.155986|p=  0.001136|N=        7222|r2=  0.568555
(dropped 5 singleton observations)
(MWFE estimator converged in 8 iterations)

HDFE Linear regression                            Number of obs   =      7,222
Absorbing 2 HDFE groups                           F(   7,   1890) =       3.46
Statistics robust to heteroskedasticity           Prob > F        =     0.0011
                                                  R-squared       =     0.5689
                                                  Adj R-squared   =     0.4144
                                                  Within R-sq.    =     0.0064
Number of clusters (county_code) =      1,891     Root MSE        =     1.4736

                          (Std. err. adjusted for 1,891 clusters in county_code)
--------------------------------------------------------------------------------
               |               Robust
  divorce_rate | Coefficient  std. err.      t    P>|t|     [95% conf. interval]
---------------+----------------------------------------------------------------
          tp_x |  -.2295237   .0949173    -2.42   0.016    -.4156774   -.0433701
    treat_post |   .0167081   .2797203     0.06   0.952     -.531885    .5653012
       review1 |   .2611763   .0679334     3.84   0.000      .127944    .3944086
industry_ratio |  -.0469028   .0591134    -0.79   0.428    -.1628372    .0690317
    log_retail |   .2540365   .0982337     2.59   0.010     .0613787    .4466944
      log_beds |   .0301743    .119307     0.25   0.800    -.2038129    .2641616
          pm25 |   .0187436   .0087348     2.15   0.032     .0016127    .0358745
         _cons |  -1.847656   1.630139    -1.13   0.257    -5.044717    1.349404
--------------------------------------------------------------------------------

Absorbed degrees of freedom:
-----------------------------------------------------+
 Absorbed FE | Categories  - Redundant  = Num. Coefs |
-------------+---------------------------------------|
        year |        10           1           9     |
 county_code |      1891        1891           0    *|
-----------------------------------------------------+
* = FE nested within cluster; treated as redundant for DoF computation
RESULT|T3_youku_review1|b=   -0.229524|se=    0.094917|p=  0.015694|N=        7222|r2=  0.568935
(dropped 5 singleton observations)
(MWFE estimator converged in 8 iterations)

HDFE Linear regression                            Number of obs   =      7,222
Absorbing 2 HDFE groups                           F(   7,   1890) =       2.15
Statistics robust to heteroskedasticity           Prob > F        =     0.0363
                                                  R-squared       =     0.5677
                                                  Adj R-squared   =     0.4126
                                                  Within R-sq.    =     0.0035
Number of clusters (county_code) =      1,891     Root MSE        =     1.4757

                          (Std. err. adjusted for 1,891 clusters in county_code)
--------------------------------------------------------------------------------
               |               Robust
  divorce_rate | Coefficient  std. err.      t    P>|t|     [95% conf. interval]
---------------+----------------------------------------------------------------
          tp_x |  -.1799079   .0981949    -1.83   0.067    -.3724897    .0126739
    treat_post |   .0302408   .2760705     0.11   0.913    -.5111943    .5716758
       review2 |   .0171687    .064369     0.27   0.790    -.1090731    .1434105
industry_ratio |  -.0456804   .0594339    -0.77   0.442    -.1622434    .0708827
    log_retail |   .2414761   .0982161     2.46   0.014     .0488528    .4340994
      log_beds |   .0219861   .1183063     0.19   0.853    -.2100385    .2540107
          pm25 |   .0191028   .0087724     2.18   0.030     .0018982    .0363075
         _cons |  -1.581563   1.624561    -0.97   0.330    -4.767685    1.604558
--------------------------------------------------------------------------------

Absorbed degrees of freedom:
-----------------------------------------------------+
 Absorbed FE | Categories  - Redundant  = Num. Coefs |
-------------+---------------------------------------|
        year |        10           1           9     |
 county_code |      1891        1891           0    *|
-----------------------------------------------------+
* = FE nested within cluster; treated as redundant for DoF computation
RESULT|T3_youku_review2|b=   -0.179908|se=    0.098195|p=  0.067086|N=        7222|r2=  0.567665
(dropped 5 singleton observations)
(MWFE estimator converged in 8 iterations)

HDFE Linear regression                            Number of obs   =      7,222
Absorbing 2 HDFE groups                           F(   7,   1890) =       4.76
Statistics robust to heteroskedasticity           Prob > F        =     0.0000
                                                  R-squared       =     0.5685
                                                  Adj R-squared   =     0.4138
                                                  Within R-sq.    =     0.0055
Number of clusters (county_code) =      1,891     Root MSE        =     1.4742

                          (Std. err. adjusted for 1,891 clusters in county_code)
--------------------------------------------------------------------------------
               |               Robust
  divorce_rate | Coefficient  std. err.      t    P>|t|     [95% conf. interval]
---------------+----------------------------------------------------------------
          tp_x |  -.2268989    .086796    -2.61   0.009     -.397125   -.0566729
    treat_post |    .013242     .28081     0.05   0.962    -.5374881    .5639721
       review3 |  -.1110116   .0649964    -1.71   0.088    -.2384838    .0164607
industry_ratio |   -.042342   .0578267    -0.73   0.464    -.1557528    .0710689
    log_retail |   .2326042   .0986241     2.36   0.018     .0391806    .4260279
      log_beds |   .0367376   .1194882     0.31   0.759    -.1976051    .2710803
          pm25 |   .0182658   .0088046     2.07   0.038     .0009979    .0355336
         _cons |  -1.472281    1.63607    -0.90   0.368    -4.680974    1.736413
--------------------------------------------------------------------------------

Absorbed degrees of freedom:
-----------------------------------------------------+
 Absorbed FE | Categories  - Redundant  = Num. Coefs |
-------------+---------------------------------------|
        year |        10           1           9     |
 county_code |      1891        1891           0    *|
-----------------------------------------------------+
* = FE nested within cluster; treated as redundant for DoF computation
RESULT|T3_youku_review3|b=   -0.226899|se=    0.086796|p=  0.009016|N=        7222|r2=  0.568544

. 
. display as result "MAIN_AUDIT_COMPLETE"
MAIN_AUDIT_COMPLETE

. log close
      name:  <unnamed>
       log:  D:/论文文件夹/自然灾害与婚姻/提交_复现包/logs/01_main_results.log
  log type:  text
 closed on:  29 Aug 2026, 12:48:43
---------------------------------------------------------------------------------------------------------------------------------------------------------------------------------------------------------------------------------------------------------------

. 
end of do-file

. do "${codedir}/02_robustness.do"

. *==============================================================
. * 02_robustness.do  —— 附录 Table S4
. *   第1列  PSM-DID
. *   第2列  工具变量 一阶段
. *   第3列  工具变量 二阶段
. *   第4列  30km 半径
. *   第5列  70km 半径
. * 附录 Table S3：PSM 匹配前后协变量平衡性
. *==============================================================
. do "D:/论文文件夹/自然灾害与婚姻/提交_复现包/code/00_config.do"

. *==============================================================
. * 00_config.do  —— 路径与全局设定
. * 自然灾害、传统文化与婚姻稳定性（One Earth / Science Advances 投稿版）
. *==============================================================
. version 18

. clear all

. set more off

. set varabbrev off

. set linesize 255

. 
. * 复现包根目录
. global pkg  "D:/论文文件夹/自然灾害与婚姻/提交_复现包"

. global code "${pkg}/code"

. global data "${pkg}/data"

. global logs "${pkg}/logs"

. global out  "${pkg}/output"

. 
. * 数据来源。默认使用复现包内自带的数据（自包含）。
. * 如需指向原始位置，把 src 改为 "D:/论文文件夹/自然灾害与婚姻2/stata"
. global src   "${pkg}/data"

. global f_base   "${src}/基准回归/最终1.dta"

. global f_drama  "${src}/文化/电视剧.dta"

. global f_mech   "${src}/机制/汇总机制2_merged.dta"

. global d_cfps   "${src}/CFPS"

. global d_charls "${src}/CHARLS"

. 
. * 控制变量（与投稿版一致）
. global cv        "industry_ratio log_retail log_beds pm25"

. global cv_charls "lnis lntfly fbr lnfbr lnrst"

. 
. * 结果打印程序：每行对应表格中的一格
. capture program drop post_est

. program define post_est
  1.     syntax, Label(string) Coef(name)
  2.     scalar b_  = _b[`coef']
  3.     scalar se_ = _se[`coef']
  4.     if e(df_r) < . {
  5.         scalar p_ = 2 * ttail(e(df_r), abs(b_ / se_))
  6.     }
  7.     else {
  8.         scalar p_ = 2 * (1 - normal(abs(b_ / se_)))
  9.     }
 10.     display as result "RESULT|`label'|b=" %12.6f b_ ///
>         "|se=" %12.6f se_ "|p=" %10.6f p_ ///
>         "|N=" %12.0f e(N) "|r2=" %10.6f e(r2)
 11. end

. 
end of do-file

. 
. capture log close _all

. log using "${logs}/02_robustness_results.log", replace text
(file D:/论文文件夹/自然灾害与婚姻/提交_复现包/logs/02_robustness_results.log not found)
---------------------------------------------------------------------------------------------------------------------------------------------------------------------------------------------------------------------------------------------------------------
      name:  <unnamed>
       log:  D:/论文文件夹/自然灾害与婚姻/提交_复现包/logs/02_robustness_results.log
  log type:  text
 opened on:  29 Aug 2026, 12:48:43

. 
. use "${f_base}", clear

. bysort county_code: generate n_years = _N

. drop if n_years == 1
(0 observations deleted)

. drop n_years

. 
. *--------------------------------------------------------------
. * Table S4 第4、5列：替换灾害暴露半径
. *--------------------------------------------------------------
. capture drop tp30 tp70

. generate double tp30 = treat_30km * post_30km

. generate double tp70 = treat_70km * post_70km

. 
. reghdfe divorce_rate tp30 $cv, absorb(year county_code) vce(cluster county_code)
(MWFE estimator converged in 9 iterations)

HDFE Linear regression                            Number of obs   =     12,231
Absorbing 2 HDFE groups                           F(   5,   2036) =       5.28
Statistics robust to heteroskedasticity           Prob > F        =     0.0001
                                                  R-squared       =     0.5395
                                                  Adj R-squared   =     0.4463
                                                  Within R-sq.    =     0.0032
Number of clusters (county_code) =      2,037     Root MSE        =     1.4319

                          (Std. err. adjusted for 2,037 clusters in county_code)
--------------------------------------------------------------------------------
               |               Robust
  divorce_rate | Coefficient  std. err.      t    P>|t|     [95% conf. interval]
---------------+----------------------------------------------------------------
          tp30 |     .27065   .1026311     2.64   0.008      .069377     .471923
industry_ratio |  -.0754845   .0268813    -2.81   0.005    -.1282021   -.0227668
    log_retail |  -.1922688   .0637723    -3.01   0.003    -.3173345   -.0672031
      log_beds |  -.1143205   .0850977    -1.34   0.179     -.281208    .0525671
          pm25 |    .006812     .00415     1.64   0.101    -.0013266    .0149507
         _cons |   4.972758   .9487468     5.24   0.000     3.112143    6.833374
--------------------------------------------------------------------------------

Absorbed degrees of freedom:
-----------------------------------------------------+
 Absorbed FE | Categories  - Redundant  = Num. Coefs |
-------------+---------------------------------------|
        year |        19           1          18     |
 county_code |      2037        2037           0    *|
-----------------------------------------------------+
* = FE nested within cluster; treated as redundant for DoF computation

. post_est, label("S4c4_radius_30km") coef(tp30)
RESULT|S4c4_radius_30km|b=    0.270650|se=    0.102631|p=  0.008425|N=       12231|r2=  0.539490

. reghdfe divorce_rate tp70 $cv, absorb(year county_code) vce(cluster county_code)
(MWFE estimator converged in 9 iterations)

HDFE Linear regression                            Number of obs   =     12,231
Absorbing 2 HDFE groups                           F(   5,   2036) =       6.91
Statistics robust to heteroskedasticity           Prob > F        =     0.0000
                                                  R-squared       =     0.5398
                                                  Adj R-squared   =     0.4466
                                                  Within R-sq.    =     0.0038
Number of clusters (county_code) =      2,037     Root MSE        =     1.4315

                          (Std. err. adjusted for 2,037 clusters in county_code)
--------------------------------------------------------------------------------
               |               Robust
  divorce_rate | Coefficient  std. err.      t    P>|t|     [95% conf. interval]
---------------+----------------------------------------------------------------
          tp70 |   .2819947   .0749159     3.76   0.000     .1350749    .4289145
industry_ratio |  -.0763237   .0269821    -2.83   0.005    -.1292392   -.0234083
    log_retail |  -.1952547    .063893    -3.06   0.002    -.3205572   -.0699522
      log_beds |  -.1143137   .0851033    -1.34   0.179    -.2812124     .052585
          pm25 |   .0060511   .0041617     1.45   0.146    -.0021105    .0142127
         _cons |    4.98627   .9503815     5.25   0.000     3.122448    6.850092
--------------------------------------------------------------------------------

Absorbed degrees of freedom:
-----------------------------------------------------+
 Absorbed FE | Categories  - Redundant  = Num. Coefs |
-------------+---------------------------------------|
        year |        19           1          18     |
 county_code |      2037        2037           0    *|
-----------------------------------------------------+
* = FE nested within cluster; treated as redundant for DoF computation

. post_est, label("S4c5_radius_70km") coef(tp70)
RESULT|S4c5_radius_70km|b=    0.281995|se=    0.074916|p=  0.000172|N=       12231|r2=  0.539765

. 
. *--------------------------------------------------------------
. * Table S3：倾向得分匹配平衡性
. * Table S4 第1列：PSM-DID
. *--------------------------------------------------------------
. logit treat_50km $cv

Iteration 0:  Log likelihood = -8389.6942  
Iteration 1:  Log likelihood = -8279.2813  
Iteration 2:  Log likelihood = -8279.0693  
Iteration 3:  Log likelihood = -8279.0693  

Logistic regression                                     Number of obs = 12,231
                                                        LR chi2(4)    = 221.25
                                                        Prob > chi2   = 0.0000
Log likelihood = -8279.0693                             Pseudo R2     = 0.0132

--------------------------------------------------------------------------------
    treat_50km | Coefficient  Std. err.      z    P>|z|     [95% conf. interval]
---------------+----------------------------------------------------------------
industry_ratio |    .014113   .0202079     0.70   0.485    -.0254938    .0537197
    log_retail |  -.1844277   .0224113    -8.23   0.000    -.2283531   -.1405022
      log_beds |   .5171508   .0373817    13.83   0.000     .4438841    .5904176
          pm25 |   -.001057   .0010809    -0.98   0.328    -.0031756    .0010616
         _cons |  -1.551602   .1690436    -9.18   0.000    -1.882921   -1.220282
--------------------------------------------------------------------------------

. capture drop pscore

. predict double pscore
(option pr assumed; Pr(treat_50km))

. psmatch2 treat_50km, pscore(pscore) outcome(treat_post) neighbor(1) common caliper(0.1)
----------------------------------------------------------------------------------------
        Variable     Sample |    Treated     Controls   Difference         S.E.   T-stat
----------------------------+-----------------------------------------------------------
      treat_post  Unmatched | .578966927            0   .578966927   .005966325    97.04
                        ATT | .578966927            0   .578966927   .006730595    86.02
----------------------------+-----------------------------------------------------------
Note: S.E. does not take into account that the propensity score is estimated.

           | psmatch2:
 psmatch2: |   Common
 Treatment |  support
assignment | On suppor |     Total
-----------+-----------+----------
 Untreated |     6,849 |     6,849 
   Treated |     5,382 |     5,382 
-----------+-----------+----------
     Total |    12,231 |    12,231 

. pstest $cv, both

----------------------------------------------------------------------------------------
                Unmatched |       Mean               %reduct |     t-test    |  V(T)/
Variable          Matched | Treated Control    %bias  |bias| |    t    p>|t| |  V(C)
--------------------------+----------------------------------+---------------+----------
industry_ratio         U  | 1.0187   1.0054      1.4         |   0.78  0.434 |  0.69*
                       M  | 1.0187   1.0527     -3.7  -155.0 |  -1.78  0.075 |  0.56*
                          |                                  |               |
log_retail             U  |  11.99   11.881      7.7         |   4.23  0.000 |  0.88*
                       M  |  11.99   11.955      2.5    67.4 |   1.29  0.198 |  0.83*
                          |                                  |               |
log_beds               U  | 6.9503   6.7658     21.8         |  11.95  0.000 |  0.91*
                       M  | 6.9503    6.937      1.6    92.8 |   0.83  0.409 |  0.94*
                          |                                  |               |
pm25                   U  | 47.569    46.91      3.5         |   1.92  0.055 |  1.00
                       M  | 47.569   47.787     -1.2    67.1 |  -0.60  0.546 |  1.04
                          |                                  |               |
----------------------------------------------------------------------------------------
* if variance ratio outside [0.95; 1.05] for U and [0.95; 1.05] for M

-----------------------------------------------------------------------------------
 Sample    | Ps R2   LR chi2   p>chi2   MeanBias   MedBias      B      R     %Var
-----------+-----------------------------------------------------------------------
 Unmatched | 0.013    221.25    0.000      8.6       5.6      27.1*   0.88     75
 Matched   | 0.000      6.09    0.192      2.2       2.0       4.7    0.58     75
-----------------------------------------------------------------------------------
* if B>25%, R outside [0.5; 2]

. reghdfe divorce_rate treat_post $cv if _weight == 1, ///
>     absorb(year county_code) vce(cluster county_code)
(dropped 341 singleton observations)
(MWFE estimator converged in 9 iterations)

HDFE Linear regression                            Number of obs   =      6,917
Absorbing 2 HDFE groups                           F(   5,   1497) =       4.38
Statistics robust to heteroskedasticity           Prob > F        =     0.0006
                                                  R-squared       =     0.5656
                                                  Adj R-squared   =     0.4433
                                                  Within R-sq.    =     0.0050
Number of clusters (county_code) =      1,498     Root MSE        =     1.4067

                          (Std. err. adjusted for 1,498 clusters in county_code)
--------------------------------------------------------------------------------
               |               Robust
  divorce_rate | Coefficient  std. err.      t    P>|t|     [95% conf. interval]
---------------+----------------------------------------------------------------
    treat_post |   .3356012   .0915097     3.67   0.000     .1561005     .515102
industry_ratio |  -.0325243   .0691013    -0.47   0.638    -.1680701    .1030214
    log_retail |  -.2388651   .0923301    -2.59   0.010    -.4199752   -.0577549
      log_beds |   .0056493   .1085782     0.05   0.959    -.2073322    .2186309
          pm25 |   .0067091   .0055342     1.21   0.226    -.0041465    .0175646
         _cons |   4.552289   1.272641     3.58   0.000     2.055941    7.048637
--------------------------------------------------------------------------------

Absorbed degrees of freedom:
-----------------------------------------------------+
 Absorbed FE | Categories  - Redundant  = Num. Coefs |
-------------+---------------------------------------|
        year |        19           1          18     |
 county_code |      1498        1498           0    *|
-----------------------------------------------------+
* = FE nested within cluster; treated as redundant for DoF computation

. post_est, label("S4c1_psm_did") coef(treat_post)
RESULT|S4c1_psm_did|b=    0.335601|se=    0.091510|p=  0.000254|N=        6917|r2=  0.565649

. 
. *--------------------------------------------------------------
. * Table S4 第2、3列：地理工具变量
. *   IV_fault    断裂带密度 × 年份
. *   IV_geology  地质复杂度（熵）× 年份
. *   IV_river    河网密度 × 年份
. *--------------------------------------------------------------
. xtset year county_code

Panel variable: year (unbalanced)
 Time variable: county_code, 900001 to 902044, but with gaps
         Delta: 1 unit

. capture drop dyear*

. tabulate year, generate(dyear)

       year |      Freq.     Percent        Cum.
------------+-----------------------------------
       2000 |      1,562       12.77       12.77
       2001 |         75        0.61       13.38
       2002 |        111        0.91       14.29
       2003 |         88        0.72       15.01
       2004 |         81        0.66       15.67
       2005 |        191        1.56       17.23
       2006 |        171        1.40       18.63
       2007 |        221        1.81       20.44
       2008 |      1,758       14.37       34.81
       2009 |      1,753       14.33       49.15
       2010 |      1,863       15.23       64.38
       2011 |      1,673       13.68       78.06
       2012 |      1,755       14.35       92.40
       2013 |        477        3.90       96.30
       2014 |        117        0.96       97.26
       2015 |         92        0.75       98.01
       2016 |         82        0.67       98.68
       2017 |         91        0.74       99.43
       2018 |         70        0.57      100.00
------------+-----------------------------------
      Total |     12,231      100.00

. capture drop IV_fault IV_geology IV_river

. generate double IV_fault   = fault_density      * year/10000

. generate double IV_geology = geology_entropy    * year/10000

. generate double IV_river   = mean_river_density * year/10000

. summarize fault_density geology_entropy mean_river_density

    Variable |        Obs        Mean    Std. dev.       Min        Max
-------------+---------------------------------------------------------
fault_dens~y |     12,231    .0049215    .9609415  -1.029149   5.503479
geology_en~y |     12,231    .1284962     .984643  -1.872796   3.527182
mean_river~y |     12,231    .0354272    1.060283  -.8789179   12.24678

. 
. xtivreg2 divorce_rate dyear* (treat_post = IV_fault IV_geology IV_river) $cv, ///
>     first fe endog(treat_post) savefirst savefprefix(first_)
Warning - collinearities detected
Vars dropped:       dyear1 dyear2 dyear3 dyear4 dyear5 dyear6 dyear7 dyear8
                    dyear9 dyear10 dyear11 dyear12 dyear13 dyear14 dyear15
                    dyear16 dyear17 dyear18 dyear19

FIXED EFFECTS ESTIMATION
------------------------
Number of groups =        19                    Obs per group: min =        70
                                                               avg =     643.7
                                                               max =      1863
Warning - collinearities detected
Vars dropped:  dyear1 dyear2 dyear3 dyear4 dyear5 dyear6 dyear7 dyear8 dyear9
               dyear10 dyear11 dyear12 dyear13 dyear14 dyear15 dyear16 dyear17
               dyear18 dyear19

Stored estimation results
-------------------------
-------------------------------------------------------
             |           Dependent  Number of        
        Name | Command    variable     param.  Title 
-------------+-----------------------------------------
first_trea~t | xtivreg2  treat_post        26  
-------------------------------------------------------

First-stage regressions
-----------------------


FIXED EFFECTS ESTIMATION
------------------------
Number of groups =        19                    Obs per group: min =        70
                                                               avg =     643.7
                                                               max =      1863

First-stage regression of treat_post:

Statistics consistent for homoskedasticity only
Number of obs =                  12231
--------------------------------------------------------------------------------
    treat_post | Coefficient  Std. err.      t    P>|t|     [95% conf. interval]
---------------+----------------------------------------------------------------
      IV_fault |   .0527753   .0223561     2.36   0.018     .0089538    .0965968
    IV_geology |   .0531459   .0260353     2.04   0.041     .0021125    .1041793
      IV_river |   .0980216   .0194154     5.05   0.000     .0599644    .1360789
        dyear1 |          0  (omitted)
        dyear2 |          0  (omitted)
        dyear3 |          0  (omitted)
        dyear4 |          0  (omitted)
        dyear5 |          0  (omitted)
        dyear6 |          0  (omitted)
        dyear7 |          0  (omitted)
        dyear8 |          0  (omitted)
        dyear9 |          0  (omitted)
       dyear10 |          0  (omitted)
       dyear11 |          0  (omitted)
       dyear12 |          0  (omitted)
       dyear13 |          0  (omitted)
       dyear14 |          0  (omitted)
       dyear15 |          0  (omitted)
       dyear16 |          0  (omitted)
       dyear17 |          0  (omitted)
       dyear18 |          0  (omitted)
       dyear19 |          0  (omitted)
industry_ratio |  -.0091254   .0042691    -2.14   0.033    -.0174935   -.0007572
    log_retail |  -.0353185   .0053914    -6.55   0.000    -.0458865   -.0247504
      log_beds |   .1139491   .0078379    14.54   0.000     .0985855    .1293127
          pm25 |  -.0005878   .0002834    -2.07   0.038    -.0011433   -.0000322
--------------------------------------------------------------------------------
F test of excluded instruments:
  F(  3, 12205) =    12.23
  Prob > F      =   0.0000
Sanderson-Windmeijer multivariate F test of excluded instruments:
  F(  3, 12205) =    12.23
  Prob > F      =   0.0000



Summary results for first-stage regressions
-------------------------------------------

                                           (Underid)            (Weak id)
Variable     | F(  3, 12205)  P-val | SW Chi-sq(  3) P-val | SW F(  3, 12205)
treat_post   |      12.23    0.0000 |       36.71   0.0000 |       12.23

Stock-Yogo weak ID F test critical values for single endogenous regressor:
                                    5% maximal IV relative bias    13.91
                                   10% maximal IV relative bias     9.08
                                   20% maximal IV relative bias     6.46
                                   30% maximal IV relative bias     5.39
                                   10% maximal IV size             22.30
                                   15% maximal IV size             12.83
                                   20% maximal IV size              9.54
                                   25% maximal IV size              7.80
Source: Stock-Yogo (2005).  Reproduced by permission.
NB: Critical values are for Sanderson-Windmeijer F statistic.

Underidentification test
Ho: matrix of reduced form coefficients has rank=K1-1 (underidentified)
Ha: matrix has rank=K1 (identified)
Anderson canon. corr. LM statistic       Chi-sq(3)=36.60    P-val=0.0000

Weak identification test
Ho: equation is weakly identified
Cragg-Donald Wald F statistic                                      12.23

Stock-Yogo weak ID test critical values for K1=1 and L1=3:
                                    5% maximal IV relative bias    13.91
                                   10% maximal IV relative bias     9.08
                                   20% maximal IV relative bias     6.46
                                   30% maximal IV relative bias     5.39
                                   10% maximal IV size             22.30
                                   15% maximal IV size             12.83
                                   20% maximal IV size              9.54
                                   25% maximal IV size              7.80
Source: Stock-Yogo (2005).  Reproduced by permission.

Weak-instrument-robust inference
Tests of joint significance of endogenous regressors B1 in main equation
Ho: B1=0 and orthogonality conditions are valid
Anderson-Rubin Wald test           F(3,12205)=     4.99     P-val=0.0018
Anderson-Rubin Wald test           Chi-sq(3)=     14.99     P-val=0.0018
Stock-Wright LM S statistic        Chi-sq(3)=     14.97     P-val=0.0018

Number of observations               N  =      12231
Number of regressors                 K  =          5
Number of endogenous regressors      K1 =          1
Number of instruments                L  =          7
Number of excluded instruments       L1 =          3

IV (2SLS) estimation
--------------------

Estimates efficient for homoskedasticity only
Statistics consistent for homoskedasticity only

                                                      Number of obs =    12231
                                                      F(  5, 12207) =    14.23
                                                      Prob > F      =   0.0000
Total (centered) SS     =  37895.06561                Centered R2   =  -0.2247
Total (uncentered) SS   =  37895.06561                Uncentered R2 =  -0.2247
Residual SS             =  46409.69231                Root MSE      =    1.949

--------------------------------------------------------------------------------
  divorce_rate | Coefficient  Std. err.      z    P>|z|     [95% conf. interval]
---------------+----------------------------------------------------------------
    treat_post |    2.12848   .7588544     2.80   0.005     .6411527    3.615807
        dyear1 |          0  (omitted)
        dyear2 |          0  (omitted)
        dyear3 |          0  (omitted)
        dyear4 |          0  (omitted)
        dyear5 |          0  (omitted)
        dyear6 |          0  (omitted)
        dyear7 |          0  (omitted)
        dyear8 |          0  (omitted)
        dyear9 |          0  (omitted)
       dyear10 |          0  (omitted)
       dyear11 |          0  (omitted)
       dyear12 |          0  (omitted)
       dyear13 |          0  (omitted)
       dyear14 |          0  (omitted)
       dyear15 |          0  (omitted)
       dyear16 |          0  (omitted)
       dyear17 |          0  (omitted)
       dyear18 |          0  (omitted)
       dyear19 |          0  (omitted)
industry_ratio |   .0567527   .0210661     2.69   0.007     .0154639    .0980415
    log_retail |   .2080077    .035294     5.89   0.000     .1388327    .2771827
      log_beds |  -.3023955   .0961655    -3.14   0.002    -.4908763   -.1139146
          pm25 |  -.0032608   .0014451    -2.26   0.024    -.0060932   -.0004284
--------------------------------------------------------------------------------
Underidentification test (Anderson canon. corr. LM statistic):          36.603
                                                   Chi-sq(3) P-val =    0.0000
------------------------------------------------------------------------------
Weak identification test (Cragg-Donald Wald F statistic):               12.231
Stock-Yogo weak ID test critical values:  5% maximal IV relative bias    13.91
                                         10% maximal IV relative bias     9.08
                                         20% maximal IV relative bias     6.46
                                         30% maximal IV relative bias     5.39
                                         10% maximal IV size             22.30
                                         15% maximal IV size             12.83
                                         20% maximal IV size              9.54
                                         25% maximal IV size              7.80
Source: Stock-Yogo (2005).  Reproduced by permission.
------------------------------------------------------------------------------
Sargan statistic (overidentification test of all instruments):           4.277
                                                   Chi-sq(2) P-val =    0.1179
-endog- option:
Endogeneity test of endogenous regressors:                               8.581
                                                   Chi-sq(1) P-val =    0.0034
Regressors tested:    treat_post
------------------------------------------------------------------------------
Instrumented:         treat_post
Included instruments: industry_ratio log_retail log_beds pm25
Excluded instruments: IV_fault IV_geology IV_river
Dropped collinear:    dyear1 dyear2 dyear3 dyear4 dyear5 dyear6 dyear7 dyear8
                      dyear9 dyear10 dyear11 dyear12 dyear13 dyear14 dyear15
                      dyear16 dyear17 dyear18 dyear19
------------------------------------------------------------------------------

. post_est, label("S4c3_iv_second_stage") coef(treat_post)
RESULT|S4c3_iv_second_stage|b=    2.128480|se=    0.758854|p=  0.005034|N=       12231|r2= -0.224690

. display as result "IVSTAT|CraggDonaldWaldF=" %12.6f e(cdf) ///
>     "|AndersonLM_p=" %12.6f e(idp) ///
>     "|Sargan_p=" %12.6f e(jp) ///
>     "|Endogeneity_p=" %12.6f e(estatp)
IVSTAT|CraggDonaldWaldF=   12.230648|AndersonLM_p=    0.000000|Sargan_p=    0.117857|Endogeneity_p=    0.003397

. 
. estimates restore first_treat_post
(results first_treat_post are active now)

. post_est, label("S4c2_iv_first_fault")   coef(IV_fault)
RESULT|S4c2_iv_first_fault|b=    0.052775|se=    0.022356|p=  0.018258|N=       12231|r2=         .

. post_est, label("S4c2_iv_first_geology") coef(IV_geology)
RESULT|S4c2_iv_first_geology|b=    0.053146|se=    0.026035|p=  0.041243|N=       12231|r2=         .

. post_est, label("S4c2_iv_first_river")   coef(IV_river)
RESULT|S4c2_iv_first_river|b=    0.098022|se=    0.019415|p=  0.000000|N=       12231|r2=         .

. 
. log close
      name:  <unnamed>
       log:  D:/论文文件夹/自然灾害与婚姻/提交_复现包/logs/02_robustness_results.log
  log type:  text
 closed on:  29 Aug 2026, 12:48:45
---------------------------------------------------------------------------------------------------------------------------------------------------------------------------------------------------------------------------------------------------------------

. 
end of do-file

. do "${codedir}/03_mechanisms.do"

. *==============================================================
. * 03_mechanisms.do  —— 附录 S9-S12：CFPS 与 CHARLS 机制
. * 规格见 原始代码/原作者主脚本_无标题-副本.do
. *==============================================================
. do "D:/论文文件夹/自然灾害与婚姻/提交_复现包/code/00_config.do"

. *==============================================================
. * 00_config.do  —— 路径与全局设定
. * 自然灾害、传统文化与婚姻稳定性（One Earth / Science Advances 投稿版）
. *==============================================================
. version 18

. clear all

. set more off

. set varabbrev off

. set linesize 255

. 
. * 复现包根目录
. global pkg  "D:/论文文件夹/自然灾害与婚姻/提交_复现包"

. global code "${pkg}/code"

. global data "${pkg}/data"

. global logs "${pkg}/logs"

. global out  "${pkg}/output"

. 
. * 数据来源。默认使用复现包内自带的数据（自包含）。
. * 如需指向原始位置，把 src 改为 "D:/论文文件夹/自然灾害与婚姻2/stata"
. global src   "${pkg}/data"

. global f_base   "${src}/基准回归/最终1.dta"

. global f_drama  "${src}/文化/电视剧.dta"

. global f_mech   "${src}/机制/汇总机制2_merged.dta"

. global d_cfps   "${src}/CFPS"

. global d_charls "${src}/CHARLS"

. 
. * 控制变量（与投稿版一致）
. global cv        "industry_ratio log_retail log_beds pm25"

. global cv_charls "lnis lntfly fbr lnfbr lnrst"

. 
. * 结果打印程序：每行对应表格中的一格
. capture program drop post_est

. program define post_est
  1.     syntax, Label(string) Coef(name)
  2.     scalar b_  = _b[`coef']
  3.     scalar se_ = _se[`coef']
  4.     if e(df_r) < . {
  5.         scalar p_ = 2 * ttail(e(df_r), abs(b_ / se_))
  6.     }
  7.     else {
  8.         scalar p_ = 2 * (1 - normal(abs(b_ / se_)))
  9.     }
 10.     display as result "RESULT|`label'|b=" %12.6f b_ ///
>         "|se=" %12.6f se_ "|p=" %10.6f p_ ///
>         "|N=" %12.0f e(N) "|r2=" %10.6f e(r2)
 11. end

. 
end of do-file

. 
. capture log close _all

. log using "${logs}/03_mechanisms_results.log", replace text
(file D:/论文文件夹/自然灾害与婚姻/提交_复现包/logs/03_mechanisms_results.log not found)
---------------------------------------------------------------------------------------------------------------------------------------------------------------------------------------------------------------------------------------------------------------
      name:  <unnamed>
       log:  D:/论文文件夹/自然灾害与婚姻/提交_复现包/logs/03_mechanisms_results.log
  log type:  text
 opened on:  29 Aug 2026, 12:48:45

. 
. *--------------------------------------------------------------
. * S9  CFPS 收入
. *--------------------------------------------------------------
. use "${d_cfps}/家庭个人收入subsample.dta", clear

. capture drop tp

. generate double tp = treat_50km * post_50km

. reghdfe lnpersonincome tp $cv if lnpersonincome > 6.9, absorb(countyid year)
(MWFE estimator converged in 6 iterations)

HDFE Linear regression                            Number of obs   =      5,507
Absorbing 2 HDFE groups                           F(   5,   5396) =       8.74
                                                  Prob > F        =     0.0000
                                                  R-squared       =     0.4597
                                                  Adj R-squared   =     0.4487
                                                  Within R-sq.    =     0.0080
                                                  Root MSE        =     0.7892

--------------------------------------------------------------------------------
lnpersonincome | Coefficient  Std. err.      t    P>|t|     [95% conf. interval]
---------------+----------------------------------------------------------------
            tp |  -.3009069   .1533672    -1.96   0.050    -.6015686   -.0002451
industry_ratio |   .0120936    .007063     1.71   0.087    -.0017528    .0259399
    log_retail |   .7857893   .1876055     4.19   0.000     .4180068    1.153572
      log_beds |  -.0623205   .1452758    -0.43   0.668    -.3471198    .2224788
          pm25 |  -.0390067   .0075926    -5.14   0.000    -.0538913   -.0241221
         _cons |   1.595844   2.312262     0.69   0.490    -2.937124    6.128812
--------------------------------------------------------------------------------

Absorbed degrees of freedom:
-----------------------------------------------------+
 Absorbed FE | Categories  - Redundant  = Num. Coefs |
-------------+---------------------------------------|
    countyid |       102           0         102     |
        year |         5           1           4     |
-----------------------------------------------------+

. post_est, label("S9_cfps_personal_income") coef(tp)
RESULT|S9_cfps_personal_income|b=   -0.300907|se=    0.153367|p=  0.049814|N=        5507|r2=  0.459668

. 
. use "${d_cfps}/家庭收入subsample.dta", clear

. capture drop tp

. generate double tp = treat_50km * post_50km

. reghdfe lnfamilyincome tp $cv if lnfamilyincome > 7.7200, absorb(countyid year)
(MWFE estimator converged in 6 iterations)

HDFE Linear regression                            Number of obs   =     17,309
Absorbing 2 HDFE groups                           F(   5,  17194) =       4.85
                                                  Prob > F        =     0.0002
                                                  R-squared       =     0.2137
                                                  Adj R-squared   =     0.2085
                                                  Within R-sq.    =     0.0014
                                                  Root MSE        =     0.8725

--------------------------------------------------------------------------------
lnfamilyincome | Coefficient  Std. err.      t    P>|t|     [95% conf. interval]
---------------+----------------------------------------------------------------
            tp |  -.2172411   .0832297    -2.61   0.009    -.3803798   -.0541023
industry_ratio |   .0043843   .0036629     1.20   0.231    -.0027955     .011564
    log_retail |  -.0722513   .0621166    -1.16   0.245    -.1940062    .0495036
      log_beds |   .1270114    .053628     2.37   0.018     .0218951    .2321277
          pm25 |  -.0084217   .0027435    -3.07   0.002    -.0137993   -.0030442
         _cons |   10.51965   .8588122    12.25   0.000     8.836288    12.20301
--------------------------------------------------------------------------------

Absorbed degrees of freedom:
-----------------------------------------------------+
 Absorbed FE | Categories  - Redundant  = Num. Coefs |
-------------+---------------------------------------|
    countyid |       106           0         106     |
        year |         5           1           4     |
-----------------------------------------------------+

. post_est, label("S9_cfps_household_income") coef(tp)
RESULT|S9_cfps_household_income|b=   -0.217241|se=    0.083230|p=  0.009058|N=       17309|r2=  0.213688

. 
. *--------------------------------------------------------------
. * S6  CFPS 性别压力与人口异质性（logit）
. *--------------------------------------------------------------
. use "${d_cfps}/性别压力 .dta", clear

. capture drop tp

. generate double tp = treat_50km * post_50km

. logit pressure_binary tp $cv

Iteration 0:  Log likelihood = -1001.9134  
Iteration 1:  Log likelihood = -895.64894  
Iteration 2:  Log likelihood = -892.45495  
Iteration 3:  Log likelihood = -892.44532  
Iteration 4:  Log likelihood = -892.44532  

Logistic regression                                     Number of obs =  1,676
                                                        LR chi2(5)    = 218.94
                                                        Prob > chi2   = 0.0000
Log likelihood = -892.44532                             Pseudo R2     = 0.1093

---------------------------------------------------------------------------------
pressure_binary | Coefficient  Std. err.      z    P>|z|     [95% conf. interval]
----------------+----------------------------------------------------------------
             tp |  -1.455428   .1294784   -11.24   0.000    -1.709202   -1.201655
 industry_ratio |  -.0408483   .0147375    -2.77   0.006    -.0697334   -.0119633
     log_retail |   .2002532   .0729747     2.74   0.006     .0572255    .3432809
       log_beds |  -.6323198   .1318906    -4.79   0.000    -.8908207   -.3738189
           pm25 |  -.0361729   .0041259    -8.77   0.000    -.0442596   -.0280862
          _cons |   5.225371   .5274428     9.91   0.000     4.191602     6.25914
---------------------------------------------------------------------------------

. post_est, label("S6_cfps_pressure_binary") coef(tp)
RESULT|S6_cfps_pressure_binary|b=   -1.455428|se=    0.129478|p=  0.000000|N=        1676|r2=         .

. 
. use "${d_cfps}/35和小孩1.dta", clear

. capture drop tp child_dummy

. generate double tp = treat_50km * post_50km

. generate byte child_dummy = cond(missing(child_age), 0, child_age > 0)

. logit divorced tp $cv if adult_age <  35

Iteration 0:  Log likelihood = -64.810548  
Iteration 1:  Log likelihood = -61.823145  
Iteration 2:  Log likelihood = -59.340162  
Iteration 3:  Log likelihood = -59.336425  
Iteration 4:  Log likelihood = -59.336423  

Logistic regression                                     Number of obs =  2,406
                                                        LR chi2(5)    =  10.95
                                                        Prob > chi2   = 0.0524
Log likelihood = -59.336423                             Pseudo R2     = 0.0845

--------------------------------------------------------------------------------
      divorced | Coefficient  Std. err.      z    P>|z|     [95% conf. interval]
---------------+----------------------------------------------------------------
            tp |   1.837861   .7162627     2.57   0.010     .4340117     3.24171
industry_ratio |  -.0107869   .1077897    -0.10   0.920    -.2220508     .200477
    log_retail |   .7129089   .3137981     2.27   0.023     .0978759    1.327942
      log_beds |  -.9304067   .5384876    -1.73   0.084    -1.985823    .1250096
          pm25 |  -.0098101   .0191257    -0.51   0.608    -.0472958    .0276755
         _cons |  -8.332171   2.526368    -3.30   0.001    -13.28376   -3.380581
--------------------------------------------------------------------------------

. post_est, label("S6_cfps_age_under35") coef(tp)
RESULT|S6_cfps_age_under35|b=    1.837861|se=    0.716263|p=  0.010291|N=        2406|r2=         .

. logit divorced tp $cv if adult_age >= 35

Iteration 0:  Log likelihood = -1056.7664  
Iteration 1:  Log likelihood = -1051.1595  
Iteration 2:  Log likelihood = -1050.3724  
Iteration 3:  Log likelihood = -1050.3697  
Iteration 4:  Log likelihood = -1050.3697  

Logistic regression                                     Number of obs = 18,291
                                                        LR chi2(5)    =  12.79
                                                        Prob > chi2   = 0.0254
Log likelihood = -1050.3697                             Pseudo R2     = 0.0061

--------------------------------------------------------------------------------
      divorced | Coefficient  Std. err.      z    P>|z|     [95% conf. interval]
---------------+----------------------------------------------------------------
            tp |   .1755236   .1521748     1.15   0.249    -.1227335    .4737808
industry_ratio |   .0319681   .0126752     2.52   0.012     .0071251     .056811
    log_retail |   .1101083    .087153     1.26   0.206    -.0607084     .280925
      log_beds |  -.0416985   .1400203    -0.30   0.766    -.3161332    .2327363
          pm25 |    -.00818   .0049237    -1.66   0.097    -.0178303    .0014704
         _cons |  -5.393546   .6740181    -8.00   0.000    -6.714597   -4.072495
--------------------------------------------------------------------------------

. post_est, label("S6_cfps_age_35plus") coef(tp)
RESULT|S6_cfps_age_35plus|b=    0.175524|se=    0.152175|p=  0.248732|N=       18291|r2=         .

. logit divorced tp $cv if child_dummy == 0

Iteration 0:  Log likelihood = -448.43358  
Iteration 1:  Log likelihood = -440.64469  
Iteration 2:  Log likelihood = -438.55694  
Iteration 3:  Log likelihood = -438.53648  
Iteration 4:  Log likelihood = -438.53647  

Logistic regression                                     Number of obs =  7,195
                                                        LR chi2(5)    =  19.79
                                                        Prob > chi2   = 0.0014
Log likelihood = -438.53647                             Pseudo R2     = 0.0221

--------------------------------------------------------------------------------
      divorced | Coefficient  Std. err.      z    P>|z|     [95% conf. interval]
---------------+----------------------------------------------------------------
            tp |   .6303123   .2319835     2.72   0.007     .1756331    1.084992
industry_ratio |   .0704252   .0171101     4.12   0.000     .0368899    .1039604
    log_retail |   .1188996   .1301721     0.91   0.361     -.136233    .3740322
      log_beds |  -.3696914   .2181413    -1.69   0.090    -.7972405    .0578577
          pm25 |  -.0022906   .0066958    -0.34   0.732    -.0154141    .0108329
         _cons |  -3.547196   1.027247    -3.45   0.001    -5.560563   -1.533829
--------------------------------------------------------------------------------

. post_est, label("S6_cfps_no_children") coef(tp)
RESULT|S6_cfps_no_children|b=    0.630312|se=    0.231983|p=  0.006587|N=        7195|r2=         .

. logit divorced tp $cv if child_dummy == 1

Iteration 0:  Log likelihood = -676.79206  
Iteration 1:  Log likelihood = -672.27376  
Iteration 2:  Log likelihood = -672.11482  
Iteration 3:  Log likelihood = -672.11394  
Iteration 4:  Log likelihood = -672.11394  

Logistic regression                                     Number of obs = 13,502
                                                        LR chi2(5)    =   9.36
                                                        Prob > chi2   = 0.0957
Log likelihood = -672.11394                             Pseudo R2     = 0.0069

--------------------------------------------------------------------------------
      divorced | Coefficient  Std. err.      z    P>|z|     [95% conf. interval]
---------------+----------------------------------------------------------------
            tp |   .0615593   .1978764     0.31   0.756    -.3262714    .4493899
industry_ratio |   .0010921   .0206959     0.05   0.958    -.0394712    .0416554
    log_retail |   .1823241   .1150924     1.58   0.113    -.0432528     .407901
      log_beds |   .0651793   .1738812     0.37   0.708    -.2756216    .4059801
          pm25 |   -.013561   .0065258    -2.08   0.038    -.0263514   -.0007707
         _cons |  -6.849944   .9425347    -7.27   0.000    -8.697278    -5.00261
--------------------------------------------------------------------------------

. post_est, label("S6_cfps_with_children") coef(tp)
RESULT|S6_cfps_with_children|b=    0.061559|se=    0.197876|p=  0.755725|N=       13502|r2=         .

. 
. *--------------------------------------------------------------
. * S10-S12  CHARLS 心理 / 认知 / 生理
. *--------------------------------------------------------------
. foreach item in "cesd10" "satlife" "hope" "total_cognition" "memeory" ///
>                 "executive" "sleep" "bl_crp" "pulse" "systo" "diasto" {
  2.     local fname "`item' .dta"
  3.     if "`item'" == "pulse" local fname "pulse.dta"
  4.     use "${d_charls}/`fname'", clear
  5.     capture drop tp
  6.     generate double tp = treat_50km * post_50km
  7.     if "`item'" == "sleep" {
  8.         reghdfe sleep tp $cv_charls if sleep > 6, absorb(city year) vce(cluster city)
  9.     }
 10.     else if "`item'" == "bl_crp" {
 11.         reghdfe bl_crp tp $cv_charls if bl_crp >= 0.1 & bl_crp <= 200, ///
>             absorb(city year) vce(cluster city)
 12.     }
 13.     else {
 14.         reghdfe `item' tp $cv_charls, absorb(city year) vce(cluster city)
 15.     }
 16.     post_est, label("S10_12_charls_`item'") coef(tp)
 17. }
(MWFE estimator converged in 5 iterations)

HDFE Linear regression                            Number of obs   =     63,355
Absorbing 2 HDFE groups                           F(   6,    114) =       2.26
Statistics robust to heteroskedasticity           Prob > F        =     0.0423
                                                  R-squared       =     0.0754
                                                  Adj R-squared   =     0.0736
                                                  Within R-sq.    =     0.0004
Number of clusters (city)    =        115         Root MSE        =     5.8887

                                 (Std. err. adjusted for 115 clusters in city)
------------------------------------------------------------------------------
             |               Robust
      cesd10 | Coefficient  std. err.      t    P>|t|     [95% conf. interval]
-------------+----------------------------------------------------------------
          tp |   .3794362   .2167383     1.75   0.083    -.0499208    .8087931
        lnis |    -.02862   .2702177    -0.11   0.916    -.5639191    .5066792
      lntfly |  -1.099694   .3858751    -2.85   0.005     -1.86411   -.3352788
         fbr |  -.2422444    1.34942    -0.18   0.858    -2.915436    2.430947
       lnfbr |   .0972382   .5216162     0.19   0.852    -.9360794    1.130556
       lnrst |   .1694644    .126972     1.33   0.185    -.0820662     .420995
       _cons |   23.52253   6.924543     3.40   0.001      9.80506    37.23999
------------------------------------------------------------------------------

Absorbed degrees of freedom:
-----------------------------------------------------+
 Absorbed FE | Categories  - Redundant  = Num. Coefs |
-------------+---------------------------------------|
        city |       115         115           0    *|
        year |         5           1           4     |
-----------------------------------------------------+
* = FE nested within cluster; treated as redundant for DoF computation
RESULT|S10_12_charls_cesd10|b=    0.379436|se=    0.216738|p=  0.082694|N=       63355|r2=  0.075450
(MWFE estimator converged in 5 iterations)

HDFE Linear regression                            Number of obs   =     61,520
Absorbing 2 HDFE groups                           F(   6,    114) =       3.34
Statistics robust to heteroskedasticity           Prob > F        =     0.0045
                                                  R-squared       =     0.0597
                                                  Adj R-squared   =     0.0578
                                                  Within R-sq.    =     0.0007
Number of clusters (city)    =        115         Root MSE        =     0.7330

                                 (Std. err. adjusted for 115 clusters in city)
------------------------------------------------------------------------------
             |               Robust
     satlife | Coefficient  std. err.      t    P>|t|     [95% conf. interval]
-------------+----------------------------------------------------------------
          tp |  -.0623672   .0236051    -2.64   0.009    -.1091287   -.0156057
        lnis |   .0495375   .0426992     1.16   0.248    -.0350493    .1341243
      lntfly |    .054267   .0386271     1.40   0.163    -.0222529    .1307869
         fbr |   .6549104   .1901275     3.44   0.001     .2782694    1.031551
       lnfbr |  -.3425885   .0952935    -3.60   0.000    -.5313642   -.1538129
       lnrst |  -.0205895   .0151764    -1.36   0.178    -.0506538    .0094748
       _cons |   2.069711   .6912921     2.99   0.003     .7002664    3.439155
------------------------------------------------------------------------------

Absorbed degrees of freedom:
-----------------------------------------------------+
 Absorbed FE | Categories  - Redundant  = Num. Coefs |
-------------+---------------------------------------|
        city |       115         115           0    *|
        year |         5           1           4     |
-----------------------------------------------------+
* = FE nested within cluster; treated as redundant for DoF computation
RESULT|S10_12_charls_satlife|b=   -0.062367|se=    0.023605|p=  0.009397|N=       61520|r2=  0.059740
(MWFE estimator converged in 5 iterations)

HDFE Linear regression                            Number of obs   =     61,091
Absorbing 2 HDFE groups                           F(   6,    114) =       2.70
Statistics robust to heteroskedasticity           Prob > F        =     0.0173
                                                  R-squared       =     0.0399
                                                  Adj R-squared   =     0.0380
                                                  Within R-sq.    =     0.0007
Number of clusters (city)    =        115         Root MSE        =     1.3101

                                 (Std. err. adjusted for 115 clusters in city)
------------------------------------------------------------------------------
             |               Robust
        hope | Coefficient  std. err.      t    P>|t|     [95% conf. interval]
-------------+----------------------------------------------------------------
          tp |  -.1405236   .0536422    -2.62   0.010    -.2467885   -.0342588
        lnis |  -.0007667   .0935764    -0.01   0.993    -.1861408    .1846074
      lntfly |    .070011   .1188718     0.59   0.557    -.1654731    .3054951
         fbr |   1.024762    .423631     2.42   0.017     .1855527    1.863972
       lnfbr |  -.2348771   .1869674    -1.26   0.212     -.605258    .1355038
       lnrst |   .0318574   .0804397     0.40   0.693    -.1274929    .1912078
       _cons |    .418099   2.388048     0.18   0.861    -4.312605    5.148803
------------------------------------------------------------------------------

Absorbed degrees of freedom:
-----------------------------------------------------+
 Absorbed FE | Categories  - Redundant  = Num. Coefs |
-------------+---------------------------------------|
        city |       115         115           0    *|
        year |         5           1           4     |
-----------------------------------------------------+
* = FE nested within cluster; treated as redundant for DoF computation
RESULT|S10_12_charls_hope|b=   -0.140524|se=    0.053642|p=  0.010000|N=       61091|r2=  0.039927
(MWFE estimator converged in 5 iterations)

HDFE Linear regression                            Number of obs   =     50,124
Absorbing 2 HDFE groups                           F(   6,    114) =       3.73
Statistics robust to heteroskedasticity           Prob > F        =     0.0020
                                                  R-squared       =     0.0998
                                                  Adj R-squared   =     0.0975
                                                  Within R-sq.    =     0.0015
Number of clusters (city)    =        115         Root MSE        =     3.3188

                                 (Std. err. adjusted for 115 clusters in city)
------------------------------------------------------------------------------
             |               Robust
total_cogn~n | Coefficient  std. err.      t    P>|t|     [95% conf. interval]
-------------+----------------------------------------------------------------
          tp |  -.5119565   .1952417    -2.62   0.010    -.8987289   -.1251842
        lnis |  -.2046248   .2554397    -0.80   0.425    -.7106489    .3013993
      lntfly |   1.052759   .2771227     3.80   0.000     .5037815    1.601737
         fbr |   .7600078    1.19379     0.64   0.526    -1.604881    3.124896
       lnfbr |   .1045428   .5442109     0.19   0.848    -.9735348     1.18262
       lnrst |  -.2074764    .125111    -1.66   0.100    -.4553202    .0403674
       _cons |  -1.830924   4.919466    -0.37   0.710    -11.57635    7.914502
------------------------------------------------------------------------------

Absorbed degrees of freedom:
-----------------------------------------------------+
 Absorbed FE | Categories  - Redundant  = Num. Coefs |
-------------+---------------------------------------|
        city |       115         115           0    *|
        year |         5           1           4     |
-----------------------------------------------------+
* = FE nested within cluster; treated as redundant for DoF computation
RESULT|S10_12_charls_total_cognition|b=   -0.511957|se=    0.195242|p=  0.009931|N=       50124|r2=  0.099776
(MWFE estimator converged in 5 iterations)

HDFE Linear regression                            Number of obs   =     57,376
Absorbing 2 HDFE groups                           F(   6,    114) =       2.40
Statistics robust to heteroskedasticity           Prob > F        =     0.0323
                                                  R-squared       =     0.0837
                                                  Adj R-squared   =     0.0817
                                                  Within R-sq.    =     0.0013
Number of clusters (city)    =        115         Root MSE        =     1.7679

                                 (Std. err. adjusted for 115 clusters in city)
------------------------------------------------------------------------------
             |               Robust
     memeory | Coefficient  std. err.      t    P>|t|     [95% conf. interval]
-------------+----------------------------------------------------------------
          tp |  -.2804388   .1069889    -2.62   0.010    -.4923831   -.0684945
        lnis |  -.2814166   .1656617    -1.70   0.092    -.6095911     .046758
      lntfly |   .2575595   .1817238     1.42   0.159     -.102434     .617553
         fbr |  -.5215526   .8460161    -0.62   0.539    -2.197504    1.154399
       lnfbr |   .0646519   .3840507     0.17   0.867    -.6961495    .8254533
       lnrst |  -.0832239    .088956    -0.94   0.351     -.259445    .0929973
       _cons |   1.189298   3.407833     0.35   0.728    -5.561594     7.94019
------------------------------------------------------------------------------

Absorbed degrees of freedom:
-----------------------------------------------------+
 Absorbed FE | Categories  - Redundant  = Num. Coefs |
-------------+---------------------------------------|
        city |       115         115           0    *|
        year |         5           1           4     |
-----------------------------------------------------+
* = FE nested within cluster; treated as redundant for DoF computation
RESULT|S10_12_charls_memeory|b=   -0.280439|se=    0.106989|p=  0.009957|N=       57376|r2=  0.083703
(MWFE estimator converged in 5 iterations)

HDFE Linear regression                            Number of obs   =     52,498
Absorbing 2 HDFE groups                           F(   6,    114) =       4.71
Statistics robust to heteroskedasticity           Prob > F        =     0.0003
                                                  R-squared       =     0.0810
                                                  Adj R-squared   =     0.0788
                                                  Within R-sq.    =     0.0013
Number of clusters (city)    =        115         Root MSE        =     2.2864

                                 (Std. err. adjusted for 115 clusters in city)
------------------------------------------------------------------------------
             |               Robust
   executive | Coefficient  std. err.      t    P>|t|     [95% conf. interval]
-------------+----------------------------------------------------------------
          tp |  -.2919528   .1112231    -2.62   0.010    -.5122848   -.0716208
        lnis |  -.1178929   .1643508    -0.72   0.475    -.4434705    .2076847
      lntfly |   .5720491    .165528     3.46   0.001     .2441394    .8999587
         fbr |   .8038936    .685839     1.17   0.244    -.5547482    2.162535
       lnfbr |   .0725601    .309624     0.23   0.815    -.5408027     .685923
       lnrst |  -.0279398   .0550215    -0.51   0.613    -.1369369    .0810573
       _cons |  -.7895695   3.151184    -0.25   0.803    -7.032041    5.452902
------------------------------------------------------------------------------

Absorbed degrees of freedom:
-----------------------------------------------------+
 Absorbed FE | Categories  - Redundant  = Num. Coefs |
-------------+---------------------------------------|
        city |       115         115           0    *|
        year |         5           1           4     |
-----------------------------------------------------+
* = FE nested within cluster; treated as redundant for DoF computation
RESULT|S10_12_charls_executive|b=   -0.291953|se=    0.111223|p=  0.009855|N=       52498|r2=  0.081024
(MWFE estimator converged in 6 iterations)

HDFE Linear regression                            Number of obs   =     28,700
Absorbing 2 HDFE groups                           F(   6,    114) =       3.01
Statistics robust to heteroskedasticity           Prob > F        =     0.0090
                                                  R-squared       =     0.0352
                                                  Adj R-squared   =     0.0310
                                                  Within R-sq.    =     0.0010
Number of clusters (city)    =        115         Root MSE        =     0.9149

                                 (Std. err. adjusted for 115 clusters in city)
------------------------------------------------------------------------------
             |               Robust
       sleep | Coefficient  std. err.      t    P>|t|     [95% conf. interval]
-------------+----------------------------------------------------------------
          tp |  -.1443779   .0546196    -2.64   0.009    -.2525788   -.0361769
        lnis |   -.109848    .065579    -1.68   0.097    -.2397594    .0200634
      lntfly |  -.1617698   .0764665    -2.12   0.037    -.3132494   -.0102901
         fbr |  -.1643968   .2971873    -0.55   0.581    -.7531226    .4243291
       lnfbr |   .1352667   .1248488     1.08   0.281    -.1120578    .3825912
       lnrst |   .0542957    .018889     2.87   0.005     .0168767    .0917147
       _cons |    9.93746   1.305612     7.61   0.000     7.351053    12.52387
------------------------------------------------------------------------------

Absorbed degrees of freedom:
-----------------------------------------------------+
 Absorbed FE | Categories  - Redundant  = Num. Coefs |
-------------+---------------------------------------|
        city |       115         115           0    *|
        year |         5           1           4     |
-----------------------------------------------------+
* = FE nested within cluster; treated as redundant for DoF computation
RESULT|S10_12_charls_sleep|b=   -0.144378|se=    0.054620|p=  0.009365|N=       28700|r2=  0.035153
(MWFE estimator converged in 4 iterations)

HDFE Linear regression                            Number of obs   =     22,669
Absorbing 2 HDFE groups                           F(   6,    114) =       5.19
Statistics robust to heteroskedasticity           Prob > F        =     0.0001
                                                  R-squared       =     0.0108
                                                  Adj R-squared   =     0.0055
                                                  Within R-sq.    =     0.0007
Number of clusters (city)    =        115         Root MSE        =     5.4603

                                 (Std. err. adjusted for 115 clusters in city)
------------------------------------------------------------------------------
             |               Robust
      bl_crp | Coefficient  std. err.      t    P>|t|     [95% conf. interval]
-------------+----------------------------------------------------------------
          tp |   .6496826   .2123087     3.06   0.003     .2291008    1.070264
        lnis |   .8851879   .4498331     1.97   0.052     -.005928    1.776304
      lntfly |   -.165551   .5077864    -0.33   0.745    -1.171472    .8403699
         fbr |    -5.0769   2.205295    -2.30   0.023    -9.445572   -.7082283
       lnfbr |   2.435371   1.151749     2.11   0.037     .1537657    4.716976
       lnrst |   -.353039   .1277489    -2.76   0.007    -.6061086   -.0999694
       _cons |   14.74205   9.588484     1.54   0.127    -4.252661    33.73676
------------------------------------------------------------------------------

Absorbed degrees of freedom:
-----------------------------------------------------+
 Absorbed FE | Categories  - Redundant  = Num. Coefs |
-------------+---------------------------------------|
        city |       115         115           0    *|
        year |         3           1           2     |
-----------------------------------------------------+
* = FE nested within cluster; treated as redundant for DoF computation
RESULT|S10_12_charls_bl_crp|b=    0.649683|se=    0.212309|p=  0.002759|N=       22669|r2=  0.010823
(MWFE estimator converged in 5 iterations)

HDFE Linear regression                            Number of obs   =     38,616
Absorbing 2 HDFE groups                           F(   6,    114) =       3.76
Statistics robust to heteroskedasticity           Prob > F        =     0.0019
                                                  R-squared       =     0.0231
                                                  Adj R-squared   =     0.0200
                                                  Within R-sq.    =     0.0010
Number of clusters (city)    =        115         Root MSE        =    10.3754

                                 (Std. err. adjusted for 115 clusters in city)
------------------------------------------------------------------------------
             |               Robust
       pulse | Coefficient  std. err.      t    P>|t|     [95% conf. interval]
-------------+----------------------------------------------------------------
          tp |   1.777515   .8560131     2.08   0.040     .0817595     3.47327
        lnis |    1.74298   .8384395     2.08   0.040     .0820377    3.403922
      lntfly |  -1.848003   1.165193    -1.59   0.116    -4.156241    .4602346
         fbr |   3.186226   5.145891     0.62   0.537    -7.007745     13.3802
       lnfbr |  -3.441427   2.490839    -1.38   0.170    -8.375761    1.492906
       lnrst |  -.1415764   .2021853    -0.70   0.485    -.5421039    .2589511
       _cons |   100.0575   20.64079     4.85   0.000     59.16826    140.9467
------------------------------------------------------------------------------

Absorbed degrees of freedom:
-----------------------------------------------------+
 Absorbed FE | Categories  - Redundant  = Num. Coefs |
-------------+---------------------------------------|
        city |       115         115           0    *|
        year |         5           1           4     |
-----------------------------------------------------+
* = FE nested within cluster; treated as redundant for DoF computation
RESULT|S10_12_charls_pulse|b=    1.777515|se=    0.856013|p=  0.040095|N=       38616|r2=  0.023148
(MWFE estimator converged in 5 iterations)

HDFE Linear regression                            Number of obs   =     38,328
Absorbing 2 HDFE groups                           F(   6,    114) =       6.16
Statistics robust to heteroskedasticity           Prob > F        =     0.0000
                                                  R-squared       =     0.0373
                                                  Adj R-squared   =     0.0342
                                                  Within R-sq.    =     0.0013
Number of clusters (city)    =        115         Root MSE        =    19.8066

                                 (Std. err. adjusted for 115 clusters in city)
------------------------------------------------------------------------------
             |               Robust
       systo | Coefficient  std. err.      t    P>|t|     [95% conf. interval]
-------------+----------------------------------------------------------------
          tp |   2.718448   .9887948     2.75   0.007     .7596536    4.677243
        lnis |  -1.090931   2.095371    -0.52   0.604    -5.241844    3.059982
      lntfly |   1.679519   3.016061     0.56   0.579    -4.295274    7.654312
         fbr |   -20.3324   8.422265    -2.41   0.017    -37.01684   -3.647957
       lnfbr |   14.43433   3.788317     3.81   0.000     6.929702    21.93896
       lnrst |  -1.933984   .7344602    -2.63   0.010    -3.388944   -.4790239
       _cons |   151.3457   54.62831     2.77   0.007     43.12743     259.564
------------------------------------------------------------------------------

Absorbed degrees of freedom:
-----------------------------------------------------+
 Absorbed FE | Categories  - Redundant  = Num. Coefs |
-------------+---------------------------------------|
        city |       115         115           0    *|
        year |         5           1           4     |
-----------------------------------------------------+
* = FE nested within cluster; treated as redundant for DoF computation
RESULT|S10_12_charls_systo|b=    2.718448|se=    0.988795|p=  0.006947|N=       38328|r2=  0.037303
(MWFE estimator converged in 5 iterations)

HDFE Linear regression                            Number of obs   =     36,967
Absorbing 2 HDFE groups                           F(   6,    114) =       9.74
Statistics robust to heteroskedasticity           Prob > F        =     0.0000
                                                  R-squared       =     0.0611
                                                  Adj R-squared   =     0.0579
                                                  Within R-sq.    =     0.0022
Number of clusters (city)    =        115         Root MSE        =    10.8691

                                 (Std. err. adjusted for 115 clusters in city)
------------------------------------------------------------------------------
             |               Robust
      diasto | Coefficient  std. err.      t    P>|t|     [95% conf. interval]
-------------+----------------------------------------------------------------
          tp |    2.38736   .9042851     2.64   0.009     .5959785    4.178742
        lnis |   .9486478   1.310883     0.72   0.471    -1.648201    3.545496
      lntfly |   1.406978   2.071845     0.68   0.498     -2.69733    5.511286
         fbr |  -21.98453   6.368102    -3.45   0.001    -34.59969   -9.369367
       lnfbr |   11.43095   2.879919     3.97   0.000     5.725853    17.13605
       lnrst |  -.9472712   .2744664    -3.45   0.001    -1.490987   -.4035553
       _cons |   84.75023   37.29946     2.27   0.025     10.86028    158.6402
------------------------------------------------------------------------------

Absorbed degrees of freedom:
-----------------------------------------------------+
 Absorbed FE | Categories  - Redundant  = Num. Coefs |
-------------+---------------------------------------|
        city |       115         115           0    *|
        year |         5           1           4     |
-----------------------------------------------------+
* = FE nested within cluster; treated as redundant for DoF computation
RESULT|S10_12_charls_diasto|b=    2.387360|se=    0.904285|p=  0.009450|N=       36967|r2=  0.061068

. 
. display as result "MECH_AUDIT_COMPLETE"
MECH_AUDIT_COMPLETE

. log close
      name:  <unnamed>
       log:  D:/论文文件夹/自然灾害与婚姻/提交_复现包/logs/03_mechanisms_results.log
  log type:  text
 closed on:  29 Aug 2026, 12:48:49
---------------------------------------------------------------------------------------------------------------------------------------------------------------------------------------------------------------------------------------------------------------

. 
end of do-file

. 
end of do-file
